,Time_s,SOC
0,0,0.95
1,300,0.949717959
2,600,0.949435919
3,900,0.949153878
4,1200,0.948871838
5,1500,0.948589797
6,1800,0.948307756
7,2100,0.948025716
8,2400,0.947743675
9,2700,0.947461635
10,3000,0.947179594
11,3300,0.946897553
12,3600,0.946615513
13,3900,0.946333472
14,4200,0.946051432
15,4500,0.945769391
16,4800,0.94548735
17,5100,0.94520531
18,5400,0.944923269
19,5700,0.944641229
20,6000,0.944359188
21,6300,0.944077147
22,6600,0.943795107
23,6900,0.943513066
24,7200,0.943231026
25,7500,0.942948985
26,7800,0.942666944
27,8100,0.942384904
28,8400,0.942102863
29,8700,0.941820823
30,9000,0.941538782
31,9300,0.941256741
32,9600,0.940974701
33,9900,0.94069266
34,10200,0.94041062
35,10500,0.940128579
36,10800,0.939846538
37,11100,0.939564498
38,11400,0.939282457
39,11700,0.939000417
40,12000,0.938718376
41,12300,0.938436335
42,12600,0.938154295
43,12900,0.937872254
44,13200,0.937590214
45,13500,0.937308173
46,13800,0.937026132
47,14100,0.936744092
48,14400,0.936462051
49,14700,0.936180011
50,15000,0.93589797
51,15300,0.935615929
52,15600,0.935333889
53,15900,0.935051848
54,16200,0.934769808
55,16500,0.934487767
56,16800,0.934205726
57,17100,0.933923686
58,17400,0.933641645
59,17700,0.933359605
60,18000,0.933077564
61,18300,0.932795523
62,18600,0.932513483
63,18900,0.932231442
64,19200,0.931949402
65,19500,0.931667361
66,19800,0.93138532
67,20100,0.93110328
68,20400,0.930821239
69,20700,0.930539199
70,21000,0.930257158
71,21300,0.929975117
72,21600,0.929693077
73,21900,0.920240637
74,22200,0.917322551
75,22500,0.912962238
76,22800,0.910170695
77,23100,0.906786159
78,23400,0.898732411
79,23700,0.895222372
80,24000,0.890663731
81,24300,0.887723283
82,24600,0.887106911
83,24900,0.886824871
84,25200,0.88654283
85,25500,0.88626079
86,25800,0.885978749
87,26100,0.885696708
88,26400,0.885414668
89,26700,0.885132627
90,27000,0.884850587
91,27300,0.884568546
92,27600,0.884286505
93,27900,0.884004465
94,28200,0.883722424
95,28500,0.883440384
96,28800,0.883158343
97,29100,0.882876302
98,29400,0.882594262
99,29700,0.882312221
100,30000,0.882030181
101,30300,0.88174814
102,30600,0.881466099
103,30900,0.881184059
104,31200,0.880902018
105,31500,0.880619978
106,31800,0.880337937
107,32100,0.880055896
108,32400,0.879773856
109,32700,0.879491815
110,33000,0.879209775
111,33300,0.878927734
112,33600,0.878645693
113,33900,0.878363653
114,34200,0.878081612
115,34500,0.877799572
116,34800,0.877517531
117,35100,0.87723549
118,35400,0.87695345
119,35700,0.876671409
120,36000,0.876389369
121,36300,0.876107328
122,36600,0.875825287
123,36900,0.875543247
124,37200,0.875261206
125,37500,0.874979166
126,37800,0.874697125
127,38100,0.874415084
128,38400,0.874133044
129,38700,0.873851003
130,39000,0.873568963
131,39300,0.873286922
132,39600,0.873004881
133,39900,0.872722841
134,40200,0.8724408
135,40500,0.87215876
136,40800,0.871876719
137,41100,0.871594678
138,41400,0.871312638
139,41700,0.871030597
140,42000,0.870748557
141,42300,0.870466516
142,42600,0.870184475
143,42900,0.869902435
144,43200,0.869620394
145,43500,0.869338354
146,43800,0.869056313
147,44100,0.868774272
148,44400,0.868492232
149,44700,0.868210191
150,45000,0.867928151
151,45300,0.86764611
152,45600,0.867364069
153,45900,0.867082029
154,46200,0.866799988
155,46500,0.866517948
156,46800,0.866235907
157,47100,0.865953866
158,47400,0.865671826
159,47700,0.865389785
160,48000,0.865107745
161,48300,0.864825704
162,48600,0.864543663
163,48900,0.864261623
164,49200,0.863979582
165,49500,0.863697542
166,49800,0.863415501
167,50100,0.86313346
168,50400,0.86285142
169,50700,0.862569379
170,51000,0.862287339
171,51300,0.862005298
172,51600,0.861723257
173,51900,0.861441217
174,52200,0.861159176
175,52500,0.860877136
176,52800,0.860595095
177,53100,0.860313054
178,53400,0.860031014
179,53700,0.859748973
180,54000,0.859466932
181,54300,0.859184892
182,54600,0.858902851
183,54900,0.858620811
184,55200,0.85833877
185,55500,0.858056729
186,55800,0.857774689
187,56100,0.857492648
188,56400,0.857210608
189,56700,0.856928567
190,57000,0.848898164
191,57300,0.845253084
192,57600,0.840712588
193,57900,0.837705879
194,58200,0.833866666
195,58500,0.82616251
196,58800,0.822874215
197,59100,0.817925582
198,59400,0.814833129
199,59700,0.814342402
200,60000,0.814060361
201,60300,0.813778321
202,60600,0.81349628
203,60900,0.813214239
204,61200,0.812932199
205,61500,0.812650158
206,61800,0.812368118
207,62100,0.812086077
208,62400,0.811804036
209,62700,0.811521996
210,63000,0.811239955
211,63300,0.810957915
212,63600,0.810675874
213,63900,0.810393833
214,64200,0.810111793
215,64500,0.809829752
216,64800,0.809547712
217,65100,0.809265671
218,65400,0.80898363
219,65700,0.80870159
220,66000,0.808419549
221,66300,0.808137509
222,66600,0.807855468
223,66900,0.807573427
224,67200,0.807291387
225,67500,0.807009346
226,67800,0.806727306
227,68100,0.806445265
228,68400,0.806163224
229,68700,0.805881184
230,69000,0.805599143
231,69300,0.805317103
232,69600,0.805035062
233,69900,0.804753021
234,70200,0.804470981
235,70500,0.80418894
236,70800,0.8039069
237,71100,0.803624859
238,71400,0.803342818
239,71700,0.803060778
240,72000,0.802778737
241,72300,0.802496697
242,72600,0.802214656
243,72900,0.801932615
244,73200,0.801650575
245,73500,0.801368534
246,73800,0.801086494
247,74100,0.800804453
248,74400,0.800522412
249,74700,0.800240372
250,75000,0.799958331
251,75300,0.799676291
252,75600,0.79939425
253,75900,0.799112209
254,76200,0.798830169
255,76500,0.798548128
256,76800,0.798266088
257,77100,0.797984047
258,77400,0.797702006
259,77700,0.797419966
260,78000,0.797137925
261,78300,0.796855885
262,78600,0.796573844
263,78900,0.796291803
264,79200,0.796009763
265,79500,0.795727722
266,79800,0.795445682
267,80100,0.795163641
268,80400,0.7948816
269,80700,0.79459956
270,81000,0.794317519
271,81300,0.794035479
272,81600,0.793753438
273,81900,0.793471397
274,82200,0.793189357
275,82500,0.792907316
276,82800,0.792625276
277,83100,0.792343235
278,83400,0.792061194
279,83700,0.791779154
280,84000,0.791497113
281,84300,0.791215073
282,84600,0.790933032
283,84900,0.790650991
284,85200,0.790368951
285,85500,0.79008691
286,85800,0.78980487
287,86100,0.789522829
288,86400,0.789240788
289,86700,0.788958748
290,87000,0.788676707
291,87300,0.788394666
292,87600,0.788112626
293,87900,0.787830585
294,88200,0.787548545
295,88500,0.787266504
296,88800,0.786984463
297,89100,0.786702423
298,89400,0.786420382
299,89700,0.786138342
300,90000,0.785856301
301,90300,0.78557426
302,90600,0.78529222
303,90900,0.785010179
304,91200,0.784728139
305,91500,0.784446098
306,91800,0.784164057
307,92100,0.783882017
308,92400,0.783599976
309,92700,0.783317936
310,93000,0.783035895
311,93300,0.782753854
312,93600,0.782471814
313,93900,0.782189773
314,94200,0.781907733
315,94500,0.781625692
316,94800,0.781343651
317,95100,0.781061611
318,95400,0.78077957
319,95700,0.78049753
320,96000,0.780215489
321,96300,0.779933448
322,96600,0.779651408
323,96900,0.779369367
324,97200,0.779087327
325,97500,0.778805286
326,97800,0.778523245
327,98100,0.778241205
328,98400,0.777959164
329,98700,0.777677124
330,99000,0.777395083
331,99300,0.777113042
332,99600,0.776831002
333,99900,0.776548961
334,100200,0.776266921
335,100500,0.77598488
336,100800,0.775702839
337,101100,0.775420799
338,101400,0.775138758
339,101700,0.774856718
340,102000,0.774574677
341,102300,0.774292636
342,102600,0.774010596
343,102900,0.773728555
344,103200,0.773446515
345,103500,0.773164474
346,103800,0.772882433
347,104100,0.772600393
348,104400,0.772318352
349,104700,0.772036312
350,105000,0.771754271
351,105300,0.77147223
352,105600,0.77119019
353,105900,0.770908149
354,106200,0.770626109
355,106500,0.770344068
356,106800,0.770062027
357,107100,0.769779987
358,107400,0.769497946
359,107700,0.769215906
360,108000,0.768933865
361,108300,0.759481425
362,108600,0.756563339
363,108900,0.752203027
364,109200,0.749411484
365,109500,0.746026948
366,109800,0.737973199
367,110100,0.73446316
368,110400,0.72990452
369,110700,0.726964071
370,111000,0.7263477
371,111300,0.726065659
372,111600,0.725783619
373,111900,0.725501578
374,112200,0.725219537
375,112500,0.724937497
376,112800,0.724655456
377,113100,0.724373416
378,113400,0.724091375
379,113700,0.723809334
380,114000,0.723527294
381,114300,0.723245253
382,114600,0.722963213
383,114900,0.722681172
384,115200,0.722399131
385,115500,0.722117091
386,115800,0.72183505
387,116100,0.72155301
388,116400,0.721270969
389,116700,0.720988928
390,117000,0.720706888
391,117300,0.720424847
392,117600,0.720142807
393,117900,0.719860766
394,118200,0.719578725
395,118500,0.719296685
396,118800,0.719014644
397,119100,0.718732603
398,119400,0.718450563
399,119700,0.718168522
400,120000,0.717886482
401,120300,0.717604441
402,120600,0.7173224
403,120900,0.71704036
404,121200,0.716758319
405,121500,0.716476279
406,121800,0.716194238
407,122100,0.715912197
408,122400,0.715630157
409,122700,0.715348116
410,123000,0.715066076
411,123300,0.714784035
412,123600,0.714501994
413,123900,0.714219954
414,124200,0.713937913
415,124500,0.713655873
416,124800,0.713373832
417,125100,0.713091791
418,125400,0.712809751
419,125700,0.71252771
420,126000,0.71224567
421,126300,0.711963629
422,126600,0.711681588
423,126900,0.711399548
424,127200,0.711117507
425,127500,0.710835467
426,127800,0.710553426
427,128100,0.710271385
428,128400,0.709989345
429,128700,0.709707304
430,129000,0.709425264
431,129300,0.709143223
432,129600,0.708861182
433,129900,0.708579142
434,130200,0.708297101
435,130500,0.708015061
436,130800,0.70773302
437,131100,0.707450979
438,131400,0.707168939
439,131700,0.706886898
440,132000,0.706604858
441,132300,0.706322817
442,132600,0.706040776
443,132900,0.705758736
444,133200,0.705476695
445,133500,0.705194655
446,133800,0.704912614
447,134100,0.704630573
448,134400,0.704348533
449,134700,0.704066492
450,135000,0.703784452
451,135300,0.703502411
452,135600,0.70322037
453,135900,0.70293833
454,136200,0.702656289
455,136500,0.702374249
456,136800,0.702092208
457,137100,0.701810167
458,137400,0.701528127
459,137700,0.701246086
460,138000,0.700964046
461,138300,0.700682005
462,138600,0.700399964
463,138900,0.700117924
464,139200,0.699835883
465,139500,0.699553843
466,139800,0.699271802
467,140100,0.698989761
468,140400,0.698707721
469,140700,0.69842568
470,141000,0.69814364
471,141300,0.697861599
472,141600,0.697579558
473,141900,0.697297518
474,142200,0.697015477
475,142500,0.696733437
476,142800,0.696451396
477,143100,0.696169355
478,143400,0.688138952
479,143700,0.684493872
480,144000,0.679953377
481,144300,0.676946667
482,144600,0.673107454
483,144900,0.665403299
484,145200,0.662115004
485,145500,0.65716637
486,145800,0.654073917
487,146100,0.65358319
488,146400,0.65330115
489,146700,0.653019109
490,147000,0.652737068
491,147300,0.652455028
492,147600,0.652172987
493,147900,0.651890947
494,148200,0.651608906
495,148500,0.651326865
496,148800,0.651044825
497,149100,0.650762784
498,149400,0.650480744
499,149700,0.650198703
500,150000,0.649916662
501,150300,0.649634622
502,150600,0.649352581
503,150900,0.64907054
504,151200,0.6487885
505,151500,0.648506459
506,151800,0.648224419
507,152100,0.647942378
508,152400,0.647660337
509,152700,0.647378297
510,153000,0.647096256
511,153300,0.646814216
512,153600,0.646532175
513,153900,0.646250134
514,154200,0.645968094
515,154500,0.645686053
516,154800,0.645404013
517,155100,0.645121972
518,155400,0.644839931
519,155700,0.644557891
520,156000,0.64427585
521,156300,0.64399381
522,156600,0.643711769
523,156900,0.643429728
524,157200,0.643147688
525,157500,0.642865647
526,157800,0.642583607
527,158100,0.642301566
528,158400,0.642019525
529,158700,0.641737485
530,159000,0.641455444
531,159300,0.641173404
532,159600,0.640891363
533,159900,0.640609322
534,160200,0.640327282
535,160500,0.640045241
536,160800,0.639763201
537,161100,0.63948116
538,161400,0.639199119
539,161700,0.638917079
540,162000,0.638635038
541,162300,0.638352998
542,162600,0.638070957
543,162900,0.637788916
544,163200,0.637506876
545,163500,0.637224835
546,163800,0.636942795
547,164100,0.636660754
548,164400,0.636378713
549,164700,0.636096673
550,165000,0.635814632
551,165300,0.635532592
552,165600,0.635250551
553,165900,0.63496851
554,166200,0.63468647
555,166500,0.634404429
556,166800,0.634122389
557,167100,0.633840348
558,167400,0.633558307
559,167700,0.633276267
560,168000,0.632994226
561,168300,0.632712186
562,168600,0.632430145
563,168900,0.632148104
564,169200,0.631866064
565,169500,0.631584023
566,169800,0.631301983
567,170100,0.631019942
568,170400,0.630737901
569,170700,0.630455861
570,171000,0.63017382
571,171300,0.62989178
572,171600,0.629609739
573,171900,0.629327698
574,172200,0.629045658
575,172500,0.628763617
576,172800,0.628481577
577,173100,0.628199536
578,173400,0.627917495
579,173700,0.627635455
580,174000,0.627353414
581,174300,0.627071374
582,174600,0.626789333
583,174900,0.626507292
584,175200,0.626225252
585,175500,0.625943211
586,175800,0.625661171
587,176100,0.62537913
588,176400,0.625097089
589,176700,0.624815049
590,177000,0.624533008
591,177300,0.624250968
592,177600,0.623968927
593,177900,0.623686886
594,178200,0.623404846
595,178500,0.623122805
596,178800,0.622840765
597,179100,0.622558724
598,179400,0.622276683
599,179700,0.621994643
600,180000,0.621712602
601,180300,0.621430562
602,180600,0.621148521
603,180900,0.62086648
604,181200,0.62058444
605,181500,0.620302399
606,181800,0.620020359
607,182100,0.619738318
608,182400,0.619456277
609,182700,0.619174237
610,183000,0.618892196
611,183300,0.618610156
612,183600,0.618328115
613,183900,0.618046074
614,184200,0.617764034
615,184500,0.617481993
616,184800,0.617199953
617,185100,0.616917912
618,185400,0.616635871
619,185700,0.616353831
620,186000,0.61607179
621,186300,0.61578975
622,186600,0.615507709
623,186900,0.615225668
624,187200,0.614943628
625,187500,0.614661587
626,187800,0.614379547
627,188100,0.614097506
628,188400,0.613815465
629,188700,0.613533425
630,189000,0.613251384
631,189300,0.612969344
632,189600,0.612687303
633,189900,0.612405262
634,190200,0.612123222
635,190500,0.611841181
636,190800,0.611559141
637,191100,0.6112771
638,191400,0.610995059
639,191700,0.610713019
640,192000,0.610430978
641,192300,0.610148937
642,192600,0.609866897
643,192900,0.609584856
644,193200,0.609302816
645,193500,0.609020775
646,193800,0.608738734
647,194100,0.608456694
648,194400,0.608174653
649,194700,0.598722213
650,195000,0.595804127
651,195300,0.591443815
652,195600,0.588652272
653,195900,0.585267736
654,196200,0.577213988
655,196500,0.573703948
656,196800,0.569145308
657,197100,0.566204859
658,197400,0.565588488
659,197700,0.565306447
660,198000,0.565024407
661,198300,0.564742366
662,198600,0.564460326
663,198900,0.564178285
664,199200,0.563896244
665,199500,0.563614204
666,199800,0.563332163
667,200100,0.563050123
668,200400,0.562768082
669,200700,0.562486041
670,201000,0.562204001
671,201300,0.56192196
672,201600,0.56163992
673,201900,0.561357879
674,202200,0.561075838
675,202500,0.560793798
676,202800,0.560511757
677,203100,0.560229717
678,203400,0.559947676
679,203700,0.559665635
680,204000,0.559383595
681,204300,0.559101554
682,204600,0.558819514
683,204900,0.558537473
684,205200,0.558255432
685,205500,0.557973392
686,205800,0.557691351
687,206100,0.557409311
688,206400,0.55712727
689,206700,0.556845229
690,207000,0.556563189
691,207300,0.556281148
692,207600,0.555999108
693,207900,0.555717067
694,208200,0.555435026
695,208500,0.555152986
696,208800,0.554870945
697,209100,0.554588905
698,209400,0.554306864
699,209700,0.554024823
700,210000,0.553742783
701,210300,0.553460742
702,210600,0.553178702
703,210900,0.552896661
704,211200,0.55261462
705,211500,0.55233258
706,211800,0.552050539
707,212100,0.551768499
708,212400,0.551486458
709,212700,0.551204417
710,213000,0.550922377
711,213300,0.550640336
712,213600,0.550358296
713,213900,0.550076255
714,214200,0.549794214
715,214500,0.549512174
716,214800,0.549230133
717,215100,0.548948093
718,215400,0.548666052
719,215700,0.548384011
720,216000,0.548101971
721,216300,0.54781993
722,216600,0.54753789
723,216900,0.547255849
724,217200,0.546973808
725,217500,0.546691768
726,217800,0.546409727
727,218100,0.546127687
728,218400,0.545845646
729,218700,0.545563605
730,219000,0.545281565
731,219300,0.544999524
732,219600,0.544717484
733,219900,0.544435443
734,220200,0.544153402
735,220500,0.543871362
736,220800,0.543589321
737,221100,0.543307281
738,221400,0.54302524
739,221700,0.542743199
740,222000,0.542461159
741,222300,0.542179118
742,222600,0.541897078
743,222900,0.541615037
744,223200,0.541332996
745,223500,0.541050956
746,223800,0.540768915
747,224100,0.540486875
748,224400,0.540204834
749,224700,0.539922793
750,225000,0.539640753
751,225300,0.539358712
752,225600,0.539076671
753,225900,0.538794631
754,226200,0.53851259
755,226500,0.53823055
756,226800,0.537948509
757,227100,0.537666468
758,227400,0.537384428
759,227700,0.537102387
760,228000,0.536820347
761,228300,0.536538306
762,228600,0.536256265
763,228900,0.535974225
764,229200,0.535692184
765,229500,0.535410144
766,229800,0.52737974
767,230100,0.52373466
768,230400,0.519194165
769,230700,0.516187456
770,231000,0.512348242
771,231300,0.504644087
772,231600,0.501355792
773,231900,0.496407159
774,232200,0.493314705
775,232500,0.492823978
776,232800,0.492541938
777,233100,0.492259897
778,233400,0.491977857
779,233700,0.491695816
780,234000,0.491413775
781,234300,0.491131735
782,234600,0.490849694
783,234900,0.490567654
784,235200,0.490285613
785,235500,0.490003572
786,235800,0.489721532
787,236100,0.489439491
788,236400,0.489157451
789,236700,0.48887541
790,237000,0.488593369
791,237300,0.488311329
792,237600,0.488029288
793,237900,0.487747248
794,238200,0.487465207
795,238500,0.487183166
796,238800,0.486901126
797,239100,0.486619085
798,239400,0.486337045
799,239700,0.486055004
800,240000,0.485772963
801,240300,0.485490923
802,240600,0.485208882
803,240900,0.484926842
804,241200,0.484644801
805,241500,0.48436276
806,241800,0.48408072
807,242100,0.483798679
808,242400,0.483516639
809,242700,0.483234598
810,243000,0.482952557
811,243300,0.482670517
812,243600,0.482388476
813,243900,0.482106436
814,244200,0.481824395
815,244500,0.481542354
816,244800,0.481260314
817,245100,0.480978273
818,245400,0.480696233
819,245700,0.480414192
820,246000,0.480132151
821,246300,0.479850111
822,246600,0.47956807
823,246900,0.47928603
824,247200,0.479003989
825,247500,0.478721948
826,247800,0.478439908
827,248100,0.478157867
828,248400,0.477875827
829,248700,0.477593786
830,249000,0.477311745
831,249300,0.477029705
832,249600,0.476747664
833,249900,0.476465624
834,250200,0.476183583
835,250500,0.475901542
836,250800,0.475619502
837,251100,0.475337461
838,251400,0.475055421
839,251700,0.47477338
840,252000,0.474491339
841,252300,0.474209299
842,252600,0.473927258
843,252900,0.473645218
844,253200,0.473363177
845,253500,0.473081136
846,253800,0.472799096
847,254100,0.472517055
848,254400,0.472235015
849,254700,0.471952974
850,255000,0.471670933
851,255300,0.471388893
852,255600,0.471106852
853,255900,0.470824812
854,256200,0.470542771
855,256500,0.47026073
856,256800,0.46997869
857,257100,0.469696649
858,257400,0.469414608
859,257700,0.469132568
860,258000,0.468850527
861,258300,0.468568487
862,258600,0.468286446
863,258900,0.468004405
864,259200,0.467722365
865,259500,0.467440324
866,259800,0.467158284
867,260100,0.466876243
868,260400,0.466594202
869,260700,0.466312162
870,261000,0.466030121
871,261300,0.465748081
872,261600,0.46546604
873,261900,0.465183999
874,262200,0.464901959
875,262500,0.464619918
876,262800,0.464337878
877,263100,0.464055837
878,263400,0.463773796
879,263700,0.463491756
880,264000,0.463209715
881,264300,0.462927675
882,264600,0.462645634
883,264900,0.462363593
884,265200,0.462081553
885,265500,0.461799512
886,265800,0.461517472
887,266100,0.461235431
888,266400,0.46095339
889,266700,0.46067135
890,267000,0.460389309
891,267300,0.460107269
892,267600,0.459825228
893,267900,0.459543187
894,268200,0.459261147
895,268500,0.458979106
896,268800,0.458697066
897,269100,0.458415025
898,269400,0.458132984
899,269700,0.457850944
900,270000,0.457568903
901,270300,0.457286863
902,270600,0.457004822
903,270900,0.456722781
904,271200,0.456440741
905,271500,0.4561587
906,271800,0.45587666
907,272100,0.455594619
908,272400,0.455312578
909,272700,0.455030538
910,273000,0.454748497
911,273300,0.454466457
912,273600,0.454184416
913,273900,0.453902375
914,274200,0.453620335
915,274500,0.453338294
916,274800,0.453056254
917,275100,0.452774213
918,275400,0.452492172
919,275700,0.452210132
920,276000,0.451928091
921,276300,0.451646051
922,276600,0.45136401
923,276900,0.451081969
924,277200,0.450799929
925,277500,0.450517888
926,277800,0.450235848
927,278100,0.449953807
928,278400,0.449671766
929,278700,0.449389726
930,279000,0.449107685
931,279300,0.448825645
932,279600,0.448543604
933,279900,0.448261563
934,280200,0.447979523
935,280500,0.447697482
936,280800,0.447415442
937,281100,0.437963001
938,281400,0.435044916
939,281700,0.430684603
940,282000,0.42789306
941,282300,0.424508524
942,282600,0.416454776
943,282900,0.412944736
944,283200,0.408386096
945,283500,0.405445648
946,283800,0.404829276
947,284100,0.404547236
948,284400,0.404265195
949,284700,0.403983155
950,285000,0.403701114
951,285300,0.403419073
952,285600,0.403137033
953,285900,0.402854992
954,286200,0.402572952
955,286500,0.402290911
956,286800,0.40200887
957,287100,0.40172683
958,287400,0.401444789
959,287700,0.401162749
960,288000,0.400880708
961,288300,0.400598667
962,288600,0.400316627
963,288900,0.400034586
964,289200,0.399752546
965,289500,0.399470505
966,289800,0.399188464
967,290100,0.398906424
968,290400,0.398624383
969,290700,0.398342342
970,291000,0.398060302
971,291300,0.397778261
972,291600,0.397496221
973,291900,0.39721418
974,292200,0.396932139
975,292500,0.396650099
976,292800,0.396368058
977,293100,0.396086018
978,293400,0.395803977
979,293700,0.395521936
980,294000,0.395239896
981,294300,0.394957855
982,294600,0.394675815
983,294900,0.394393774
984,295200,0.394111733
985,295500,0.393829693
986,295800,0.393547652
987,296100,0.393265612
988,296400,0.392983571
989,296700,0.39270153
990,297000,0.39241949
991,297300,0.392137449
992,297600,0.391855409
993,297900,0.391573368
994,298200,0.391291327
995,298500,0.391009287
996,298800,0.390727246
997,299100,0.390445206
998,299400,0.390163165
999,299700,0.389881124
1000,300000,0.389599084
1001,300300,0.389317043
1002,300600,0.389035003
1003,300900,0.388752962
1004,301200,0.388470921
1005,301500,0.388188881
1006,301800,0.38790684
1007,302100,0.3876248
1008,302400,0.387342759
1009,302700,0.387060718
1010,303000,0.386778678
1011,303300,0.386496637
1012,303600,0.386214597
1013,303900,0.385932556
1014,304200,0.385650515
1015,304500,0.385368475
1016,304800,0.385086434
1017,305100,0.384804394
1018,305400,0.384522353
1019,305700,0.384240312
1020,306000,0.383958272
1021,306300,0.383676231
1022,306600,0.383394191
1023,306900,0.38311215
1024,307200,0.382830109
1025,307500,0.382548069
1026,307800,0.382266028
1027,308100,0.381983988
1028,308400,0.381701947
1029,308700,0.381419906
1030,309000,0.381137866
1031,309300,0.380855825
1032,309600,0.380573785
1033,309900,0.380291744
1034,310200,0.380009703
1035,310500,0.379727663
1036,310800,0.379445622
1037,311100,0.379163582
1038,311400,0.378881541
1039,311700,0.3785995
1040,312000,0.37831746
1041,312300,0.378035419
1042,312600,0.377753379
1043,312900,0.377471338
1044,313200,0.377189297
1045,313500,0.376907257
1046,313800,0.376625216
1047,314100,0.376343176
1048,314400,0.376061135
1049,314700,0.375779094
1050,315000,0.375497054
1051,315300,0.375215013
1052,315600,0.374932973
1053,315900,0.374650932
1054,316200,0.366620529
1055,316500,0.362975449
1056,316800,0.358434953
1057,317100,0.355428244
1058,317400,0.351589031
1059,317700,0.343884875
1060,318000,0.34059658
1061,318300,0.335647947
1062,318600,0.332555494
1063,318900,0.332064767
1064,319200,0.331782726
1065,319500,0.331500686
1066,319800,0.331218645
1067,320100,0.330936604
1068,320400,0.330654564
1069,320700,0.330372523
1070,321000,0.330090483
1071,321300,0.329808442
1072,321600,0.329526401
1073,321900,0.329244361
1074,322200,0.32896232
1075,322500,0.328680279
1076,322800,0.328398239
1077,323100,0.328116198
1078,323400,0.327834158
1079,323700,0.327552117
1080,324000,0.327270076
1081,324300,0.326988036
1082,324600,0.326705995
1083,324900,0.326423955
1084,325200,0.326141914
1085,325500,0.325859873
1086,325800,0.325577833
1087,326100,0.325295792
1088,326400,0.325013752
1089,326700,0.324731711
1090,327000,0.32444967
1091,327300,0.32416763
1092,327600,0.323885589
1093,327900,0.323603549
1094,328200,0.323321508
1095,328500,0.323039467
1096,328800,0.322757427
1097,329100,0.322475386
1098,329400,0.322193346
1099,329700,0.321911305
1100,330000,0.321629264
1101,330300,0.321347224
1102,330600,0.321065183
1103,330900,0.320783143
1104,331200,0.320501102
1105,331500,0.320219061
1106,331800,0.319937021
1107,332100,0.31965498
1108,332400,0.31937294
1109,332700,0.319090899
1110,333000,0.318808858
1111,333300,0.318526818
1112,333600,0.318244777
1113,333900,0.317962737
1114,334200,0.317680696
1115,334500,0.317398655
1116,334800,0.317116615
1117,335100,0.316834574
1118,335400,0.316552534
1119,335700,0.316270493
1120,336000,0.315988452
1121,336300,0.315706412
1122,336600,0.315424371
1123,336900,0.315142331
1124,337200,0.31486029
1125,337500,0.314578249
1126,337800,0.314296209
1127,338100,0.314014168
1128,338400,0.313732128
1129,338700,0.313450087
1130,339000,0.313168046
1131,339300,0.312886006
1132,339600,0.312603965
1133,339900,0.312321925
1134,340200,0.312039884
1135,340500,0.311757843
1136,340800,0.311475803
1137,341100,0.311193762
1138,341400,0.310911722
1139,341700,0.310629681
1140,342000,0.31034764
1141,342300,0.3100656
1142,342600,0.309783559
1143,342900,0.309501519
1144,343200,0.309219478
1145,343500,0.308937437
1146,343800,0.308655397
1147,344100,0.308373356
1148,344400,0.308091316
1149,344700,0.307809275
1150,345000,0.307527234
1151,345300,0.307245194
1152,345600,0.306963153
1153,345900,0.306681113
1154,346200,0.306399072
1155,346500,0.306117031
1156,346800,0.305834991
1157,347100,0.30555295
1158,347400,0.30527091
1159,347700,0.304988869
1160,348000,0.304706828
1161,348300,0.304424788
1162,348600,0.304142747
1163,348900,0.303860707
1164,349200,0.303578666
1165,349500,0.303296625
1166,349800,0.303014585
1167,350100,0.302732544
1168,350400,0.302450504
1169,350700,0.302168463
1170,351000,0.301886422
1171,351300,0.301604382
1172,351600,0.301322341
1173,351900,0.301040301
1174,352200,0.30075826
1175,352500,0.300476219
1176,352800,0.300194179
1177,353100,0.299912138
1178,353400,0.299630098
1179,353700,0.299348057
1180,354000,0.299066016
1181,354300,0.298783976
1182,354600,0.298501935
1183,354900,0.298219895
1184,355200,0.297937854
1185,355500,0.297655813
1186,355800,0.297373773
1187,356100,0.297091732
1188,356400,0.296809692
1189,356700,0.296527651
1190,357000,0.29624561
1191,357300,0.29596357
1192,357600,0.295681529
1193,357900,0.295399489
1194,358200,0.295117448
1195,358500,0.294835407
1196,358800,0.294553367
1197,359100,0.294271326
1198,359400,0.293989286
1199,359700,0.293707245
1200,360000,0.293425204
1201,360300,0.293143164
1202,360600,0.292861123
1203,360900,0.292579083
1204,361200,0.292297042
1205,361500,0.292015001
1206,361800,0.291732961
1207,362100,0.29145092
1208,362400,0.29116888
1209,362700,0.290886839
1210,363000,0.290604798
1211,363300,0.290322758
1212,363600,0.290040717
1213,363900,0.289758677
1214,364200,0.289476636
1215,364500,0.289194595
1216,364800,0.288912555
1217,365100,0.288630514
1218,365400,0.288348473
1219,365700,0.288066433
1220,366000,0.287784392
1221,366300,0.287502352
1222,366600,0.287220311
1223,366900,0.28693827
1224,367200,0.28665623
1225,367500,0.27720379
1226,367800,0.274285704
1227,368100,0.269925392
1228,368400,0.267133848
1229,368700,0.263749313
1230,369000,0.255695564
1231,369300,0.252185525
1232,369600,0.247626885
1233,369900,0.244686436
1234,370200,0.244070065
1235,370500,0.243788024
1236,370800,0.243505983
1237,371100,0.243223943
1238,371400,0.242941902
1239,371700,0.242659862
1240,372000,0.242377821
1241,372300,0.24209578
1242,372600,0.24181374
1243,372900,0.241531699
1244,373200,0.241249659
1245,373500,0.240967618
1246,373800,0.240685577
1247,374100,0.240403537
1248,374400,0.240121496
1249,374700,0.239839456
1250,375000,0.239557415
1251,375300,0.239275374
1252,375600,0.238993334
1253,375900,0.238711293
1254,376200,0.238429253
1255,376500,0.238147212
1256,376800,0.237865171
1257,377100,0.237583131
1258,377400,0.23730109
1259,377700,0.23701905
1260,378000,0.236737009
1261,378300,0.236454968
1262,378600,0.236172928
1263,378900,0.235890887
1264,379200,0.235608847
1265,379500,0.235326806
1266,379800,0.235044765
1267,380100,0.234762725
1268,380400,0.234480684
1269,380700,0.234198644
1270,381000,0.233916603
1271,381300,0.233634562
1272,381600,0.233352522
1273,381900,0.233070481
1274,382200,0.232788441
1275,382500,0.2325064
1276,382800,0.232224359
1277,383100,0.231942319
1278,383400,0.231660278
1279,383700,0.231378238
1280,384000,0.231096197
1281,384300,0.230814156
1282,384600,0.230532116
1283,384900,0.230250075
1284,385200,0.229968035
1285,385500,0.229685994
1286,385800,0.229403953
1287,386100,0.229121913
1288,386400,0.228839872
1289,386700,0.228557832
1290,387000,0.228275791
1291,387300,0.22799375
1292,387600,0.22771171
1293,387900,0.227429669
1294,388200,0.227147629
1295,388500,0.226865588
1296,388800,0.226583547
1297,389100,0.226301507
1298,389400,0.226019466
1299,389700,0.225737426
1300,390000,0.225455385
1301,390300,0.225173344
1302,390600,0.224891304
1303,390900,0.224609263
1304,391200,0.224327223
1305,391500,0.224045182
1306,391800,0.223763141
1307,392100,0.223481101
1308,392400,0.22319906
1309,392700,0.22291702
1310,393000,0.222634979
1311,393300,0.222352938
1312,393600,0.222070898
1313,393900,0.221788857
1314,394200,0.221506817
1315,394500,0.221224776
1316,394800,0.220942735
1317,395100,0.220660695
1318,395400,0.220378654
1319,395700,0.220096614
1320,396000,0.219814573
1321,396300,0.219532532
1322,396600,0.219250492
1323,396900,0.218968451
1324,397200,0.21868641
1325,397500,0.21840437
1326,397800,0.218122329
1327,398100,0.217840289
1328,398400,0.217558248
1329,398700,0.217276207
1330,399000,0.216994167
1331,399300,0.216712126
1332,399600,0.216430086
1333,399900,0.216148045
1334,400200,0.215866004
1335,400500,0.215583964
1336,400800,0.215301923
1337,401100,0.215019883
1338,401400,0.214737842
1339,401700,0.214455801
1340,402000,0.214173761
1341,402300,0.21389172
1342,402600,0.205861317
1343,402900,0.202216237
1344,403200,0.197675742
1345,403500,0.194669032
1346,403800,0.190829819
1347,404100,0.183125664
1348,404400,0.179837368
1349,404700,0.174888735
1350,405000,0.171796282
1351,405300,0.171305555
1352,405600,0.171023514
1353,405900,0.170741474
1354,406200,0.170459433
1355,406500,0.170177393
1356,406800,0.169895352
1357,407100,0.169613311
1358,407400,0.169331271
1359,407700,0.16904923
1360,408000,0.16876719
1361,408300,0.168485149
1362,408600,0.168203108
1363,408900,0.167921068
1364,409200,0.167639027
1365,409500,0.167356987
1366,409800,0.167074946
1367,410100,0.166792905
1368,410400,0.166510865
1369,410700,0.166228824
1370,411000,0.165946784
1371,411300,0.165664743
1372,411600,0.165382702
1373,411900,0.165100662
1374,412200,0.164818621
1375,412500,0.164536581
1376,412800,0.16425454
1377,413100,0.163972499
1378,413400,0.163690459
1379,413700,0.163408418
1380,414000,0.163126378
1381,414300,0.162844337
1382,414600,0.162562296
1383,414900,0.162280256
1384,415200,0.161998215
1385,415500,0.161716175
1386,415800,0.161434134
1387,416100,0.161152093
1388,416400,0.160870053
1389,416700,0.160588012
1390,417000,0.160305972
1391,417300,0.160023931
1392,417600,0.15974189
1393,417900,0.176207015
1394,418200,0.19267214
1395,418500,0.209137264
1396,418800,0.225602389
1397,419100,0.242067514
1398,419400,0.258532638
1399,419700,0.274997763
1400,420000,0.291462888
1401,420300,0.307928012
1402,420600,0.324393137
1403,420900,0.340858262
1404,421200,0.357323387
1405,421500,0.373788511
1406,421800,0.390253636
1407,422100,0.406718761
1408,422400,0.423183885
1409,422700,0.43964901
1410,423000,0.456114135
1411,423300,0.472579259
1412,423600,0.489044384
1413,423900,0.505509509
1414,424200,0.521974633
1415,424500,0.538439758
1416,424800,0.554904883
1417,425100,0.571370007
1418,425400,0.587835132
1419,425700,0.604300257
1420,426000,0.620765381
1421,426300,0.637230506
1422,426600,0.653695631
1423,426900,0.670160755
1424,427200,0.68662588
1425,427500,0.703091005
1426,427800,0.719556129
1427,428100,0.736021254
1428,428400,0.752486379
1429,428700,0.768951504
1430,429000,0.785416628
1431,429300,0.801881753
1432,429600,0.818346878
1433,429900,0.834812002
1434,430200,0.851277127
1435,430500,0.867742252
1436,430800,0.884207376
1437,431100,0.900672501
1438,431400,0.917137626
1439,431700,0.93360275
1440,432000,0.95
1441,432300,0.949717959
1442,432600,0.949435919
1443,432900,0.949153878
1444,433200,0.948871838
1445,433500,0.948589797
1446,433800,0.948307756
1447,434100,0.948025716
1448,434400,0.947743675
1449,434700,0.947461635
1450,435000,0.947179594
1451,435300,0.946897553
1452,435600,0.946615513
1453,435900,0.946333472
1454,436200,0.946051432
1455,436500,0.945769391
1456,436800,0.94548735
1457,437100,0.94520531
1458,437400,0.944923269
1459,437700,0.944641229
1460,438000,0.944359188
1461,438300,0.944077147
1462,438600,0.943795107
1463,438900,0.943513066
1464,439200,0.943231026
1465,439500,0.942948985
1466,439800,0.942666944
1467,440100,0.942384904
1468,440400,0.942102863
1469,440700,0.941820823
1470,441000,0.941538782
1471,441300,0.941256741
1472,441600,0.940974701
1473,441900,0.94069266
1474,442200,0.94041062
1475,442500,0.940128579
1476,442800,0.939846538
1477,443100,0.939564498
1478,443400,0.939282457
1479,443700,0.939000417
1480,444000,0.938718376
1481,444300,0.938436335
1482,444600,0.938154295
1483,444900,0.937872254
1484,445200,0.937590214
1485,445500,0.937308173
1486,445800,0.937026132
1487,446100,0.936744092
1488,446400,0.936462051
1489,446700,0.936180011
1490,447000,0.93589797
1491,447300,0.935615929
1492,447600,0.935333889
1493,447900,0.935051848
1494,448200,0.934769808
1495,448500,0.934487767
1496,448800,0.934205726
1497,449100,0.933923686
1498,449400,0.933641645
1499,449700,0.933359605
1500,450000,0.933077564
1501,450300,0.932795523
1502,450600,0.932513483
1503,450900,0.932231442
1504,451200,0.931949402
1505,451500,0.931667361
1506,451800,0.93138532
1507,452100,0.93110328
1508,452400,0.930821239
1509,452700,0.930539199
1510,453000,0.930257158
1511,453300,0.929975117
1512,453600,0.929693077
1513,453900,0.929411036
1514,454200,0.929128995
1515,454500,0.928846955
1516,454800,0.928564914
1517,455100,0.928282874
1518,455400,0.928000833
1519,455700,0.927718792
1520,456000,0.927436752
1521,456300,0.927154711
1522,456600,0.926872671
1523,456900,0.92659063
1524,457200,0.926308589
1525,457500,0.926026549
1526,457800,0.925744508
1527,458100,0.925462468
1528,458400,0.925180427
1529,458700,0.924898386
1530,459000,0.924616346
1531,459300,0.924334305
1532,459600,0.924052265
1533,459900,0.923770224
1534,460200,0.923488183
1535,460500,0.923206143
1536,460800,0.922924102
1537,461100,0.922642062
1538,461400,0.922360021
1539,461700,0.92207798
1540,462000,0.92179594
1541,462300,0.921513899
1542,462600,0.921231859
1543,462900,0.920949818
1544,463200,0.920667777
1545,463500,0.920385737
1546,463800,0.920103696
1547,464100,0.919821656
1548,464400,0.919539615
1549,464700,0.919257574
1550,465000,0.918975534
1551,465300,0.918693493
1552,465600,0.918411453
1553,465900,0.918129412
1554,466200,0.917847371
1555,466500,0.917565331
1556,466800,0.91728329
1557,467100,0.91700125
1558,467400,0.916719209
1559,467700,0.916437168
1560,468000,0.916155128
1561,468300,0.906702688
1562,468600,0.903784602
1563,468900,0.899424289
1564,469200,0.896632746
1565,469500,0.894862045
1566,469800,0.894580005
1567,470100,0.894297964
1568,470400,0.894015923
1569,470700,0.893733883
1570,471000,0.893451842
1571,471300,0.893169802
1572,471600,0.892887761
1573,471900,0.89260572
1574,472200,0.89232368
1575,472500,0.892041639
1576,472800,0.891759599
1577,473100,0.889863723
1578,473400,0.881809975
1579,473700,0.878299935
1580,474000,0.873741295
1581,474300,0.870800847
1582,474600,0.870184475
1583,474900,0.869902435
1584,475200,0.869620394
1585,475500,0.869338354
1586,475800,0.869056313
1587,476100,0.868774272
1588,476400,0.868492232
1589,476700,0.868210191
1590,477000,0.867928151
1591,477300,0.86764611
1592,477600,0.867364069
1593,477900,0.867082029
1594,478200,0.859051625
1595,478500,0.855406545
1596,478800,0.85086605
1597,479100,0.847859341
1598,479400,0.845788946
1599,479700,0.845506906
1600,480000,0.845224865
1601,480300,0.844942824
1602,480600,0.844660784
1603,480900,0.844378743
1604,481200,0.844096702
1605,481500,0.843814662
1606,481800,0.843532621
1607,482100,0.843250581
1608,482400,0.84296854
1609,482700,0.842686499
1610,483000,0.84063564
1611,483300,0.832931485
1612,483600,0.82964319
1613,483900,0.824694557
1614,484200,0.821602103
1615,484500,0.821111376
1616,484800,0.820829336
1617,485100,0.820547295
1618,485400,0.820265254
1619,485700,0.819983214
1620,486000,0.819701173
1621,486300,0.819419133
1622,486600,0.819137092
1623,486900,0.818855051
1624,487200,0.818573011
1625,487500,0.81829097
1626,487800,0.81800893
1627,488100,0.817726889
1628,488400,0.817444848
1629,488700,0.817162808
1630,489000,0.816880767
1631,489300,0.816598727
1632,489600,0.816316686
1633,489900,0.816034645
1634,490200,0.815752605
1635,490500,0.815470564
1636,490800,0.815188524
1637,491100,0.814906483
1638,491400,0.814624442
1639,491700,0.814342402
1640,492000,0.814060361
1641,492300,0.813778321
1642,492600,0.81349628
1643,492900,0.813214239
1644,493200,0.812932199
1645,493500,0.812650158
1646,493800,0.812368118
1647,494100,0.812086077
1648,494400,0.811804036
1649,494700,0.811521996
1650,495000,0.811239955
1651,495300,0.810957915
1652,495600,0.810675874
1653,495900,0.810393833
1654,496200,0.810111793
1655,496500,0.809829752
1656,496800,0.809547712
1657,497100,0.809265671
1658,497400,0.80898363
1659,497700,0.80870159
1660,498000,0.808419549
1661,498300,0.808137509
1662,498600,0.807855468
1663,498900,0.807573427
1664,499200,0.807291387
1665,499500,0.807009346
1666,499800,0.806727306
1667,500100,0.806445265
1668,500400,0.806163224
1669,500700,0.805881184
1670,501000,0.805599143
1671,501300,0.805317103
1672,501600,0.805035062
1673,501900,0.804753021
1674,502200,0.804470981
1675,502500,0.80418894
1676,502800,0.8039069
1677,503100,0.803624859
1678,503400,0.803342818
1679,503700,0.803060778
1680,504000,0.802778737
1681,504300,0.802496697
1682,504600,0.802214656
1683,504900,0.801932615
1684,505200,0.801650575
1685,505500,0.801368534
1686,505800,0.801086494
1687,506100,0.800804453
1688,506400,0.800522412
1689,506700,0.800240372
1690,507000,0.799958331
1691,507300,0.799676291
1692,507600,0.79939425
1693,507900,0.799112209
1694,508200,0.798830169
1695,508500,0.798548128
1696,508800,0.798266088
1697,509100,0.797984047
1698,509400,0.797702006
1699,509700,0.797419966
1700,510000,0.797137925
1701,510300,0.796855885
1702,510600,0.796573844
1703,510900,0.796291803
1704,511200,0.796009763
1705,511500,0.795727722
1706,511800,0.795445682
1707,512100,0.795163641
1708,512400,0.7948816
1709,512700,0.79459956
1710,513000,0.794317519
1711,513300,0.794035479
1712,513600,0.793753438
1713,513900,0.793471397
1714,514200,0.793189357
1715,514500,0.792907316
1716,514800,0.792625276
1717,515100,0.792343235
1718,515400,0.792061194
1719,515700,0.791779154
1720,516000,0.791497113
1721,516300,0.791215073
1722,516600,0.790933032
1723,516900,0.790650991
1724,517200,0.790368951
1725,517500,0.79008691
1726,517800,0.78980487
1727,518100,0.789522829
1728,518400,0.789240788
1729,518700,0.788958748
1730,519000,0.788676707
1731,519300,0.788394666
1732,519600,0.788112626
1733,519900,0.787830585
1734,520200,0.787548545
1735,520500,0.787266504
1736,520800,0.786984463
1737,521100,0.786702423
1738,521400,0.786420382
1739,521700,0.786138342
1740,522000,0.785856301
1741,522300,0.78557426
1742,522600,0.78529222
1743,522900,0.785010179
1744,523200,0.784728139
1745,523500,0.784446098
1746,523800,0.784164057
1747,524100,0.783882017
1748,524400,0.783599976
1749,524700,0.783317936
1750,525000,0.783035895
1751,525300,0.782753854
1752,525600,0.782471814
1753,525900,0.782189773
1754,526200,0.781907733
1755,526500,0.781625692
1756,526800,0.781343651
1757,527100,0.781061611
1758,527400,0.78077957
1759,527700,0.78049753
1760,528000,0.780215489
1761,528300,0.779933448
1762,528600,0.779651408
1763,528900,0.779369367
1764,529200,0.779087327
1765,529500,0.778805286
1766,529800,0.778523245
1767,530100,0.778241205
1768,530400,0.777959164
1769,530700,0.777677124
1770,531000,0.777395083
1771,531300,0.777113042
1772,531600,0.776831002
1773,531900,0.776548961
1774,532200,0.776266921
1775,532500,0.77598488
1776,532800,0.775702839
1777,533100,0.775420799
1778,533400,0.775138758
1779,533700,0.774856718
1780,534000,0.774574677
1781,534300,0.774292636
1782,534600,0.774010596
1783,534900,0.773728555
1784,535200,0.773446515
1785,535500,0.773164474
1786,535800,0.772882433
1787,536100,0.772600393
1788,536400,0.772318352
1789,536700,0.772036312
1790,537000,0.771754271
1791,537300,0.77147223
1792,537600,0.77119019
1793,537900,0.770908149
1794,538200,0.770626109
1795,538500,0.770344068
1796,538800,0.770062027
1797,539100,0.769779987
1798,539400,0.769497946
1799,539700,0.769215906
1800,540000,0.768933865
1801,540300,0.768651824
1802,540600,0.768369784
1803,540900,0.768087743
1804,541200,0.767805703
1805,541500,0.767523662
1806,541800,0.767241621
1807,542100,0.766959581
1808,542400,0.76667754
1809,542700,0.7663955
1810,543000,0.766113459
1811,543300,0.765831418
1812,543600,0.765549378
1813,543900,0.756096938
1814,544200,0.753178852
1815,544500,0.748818539
1816,544800,0.746026996
1817,545100,0.74264246
1818,545400,0.734588712
1819,545700,0.731078673
1820,546000,0.726520032
1821,546300,0.723579584
1822,546600,0.71521485
1823,546900,0.71156977
1824,547200,0.707029275
1825,547500,0.704022565
1826,547800,0.700183352
1827,548100,0.692479196
1828,548400,0.689190901
1829,548700,0.684242268
1830,549000,0.681149815
1831,549300,0.675372294
1832,549600,0.669511253
1833,549900,0.665233024
1834,550200,0.661697963
1835,550500,0.658859339
1836,550800,0.651342957
1837,551100,0.647189475
1838,551400,0.642525102
1839,551700,0.639716455
1840,552000,0.638354963
1841,552300,0.638072923
1842,552600,0.637790882
1843,552900,0.637508841
1844,553200,0.637226801
1845,553500,0.63694476
1846,553800,0.63666272
1847,554100,0.636380679
1848,554400,0.636098638
1849,554700,0.635816598
1850,555000,0.635534557
1851,555300,0.635252517
1852,555600,0.634970476
1853,555900,0.634688435
1854,556200,0.634406395
1855,556500,0.634124354
1856,556800,0.633842314
1857,557100,0.633560273
1858,557400,0.633278232
1859,557700,0.632996192
1860,558000,0.632714151
1861,558300,0.632432111
1862,558600,0.63215007
1863,558900,0.631868029
1864,559200,0.631585989
1865,559500,0.631303948
1866,559800,0.631021908
1867,560100,0.630739867
1868,560400,0.630457826
1869,560700,0.630175786
1870,561000,0.629893745
1871,561300,0.629611705
1872,561600,0.629329664
1873,561900,0.629047623
1874,562200,0.628765583
1875,562500,0.628483542
1876,562800,0.628201502
1877,563100,0.627919461
1878,563400,0.62763742
1879,563700,0.62735538
1880,564000,0.627073339
1881,564300,0.626791299
1882,564600,0.626509258
1883,564900,0.626227217
1884,565200,0.625945177
1885,565500,0.625663136
1886,565800,0.625381096
1887,566100,0.625099055
1888,566400,0.624817014
1889,566700,0.624534974
1890,567000,0.624252933
1891,567300,0.623970893
1892,567600,0.623688852
1893,567900,0.623406811
1894,568200,0.623124771
1895,568500,0.62284273
1896,568800,0.62256069
1897,569100,0.622278649
1898,569400,0.621996608
1899,569700,0.621714568
1900,570000,0.621432527
1901,570300,0.621150487
1902,570600,0.620868446
1903,570900,0.620586405
1904,571200,0.620304365
1905,571500,0.620022324
1906,571800,0.619740284
1907,572100,0.619458243
1908,572400,0.619176202
1909,572700,0.618894162
1910,573000,0.618612121
1911,573300,0.61833008
1912,573600,0.61804804
1913,573900,0.617765999
1914,574200,0.617483959
1915,574500,0.617201918
1916,574800,0.616919877
1917,575100,0.616637837
1918,575400,0.616355796
1919,575700,0.616073756
1920,576000,0.615791715
1921,576300,0.615509674
1922,576600,0.615227634
1923,576900,0.614945593
1924,577200,0.614663553
1925,577500,0.614381512
1926,577800,0.614099471
1927,578100,0.613817431
1928,578400,0.61353539
1929,578700,0.61325335
1930,579000,0.612971309
1931,579300,0.612689268
1932,579600,0.612407228
1933,579900,0.612125187
1934,580200,0.611843147
1935,580500,0.611561106
1936,580800,0.608847604
1937,581100,0.599856273
1938,581400,0.596768727
1939,581700,0.59284527
1940,582000,0.590268023
1941,582300,0.581239717
1942,582600,0.577552901
1943,582900,0.573473167
1944,583200,0.570495867
1945,583500,0.567361106
1946,583800,0.559307358
1947,584100,0.555124098
1948,584400,0.551238678
1949,584700,0.548227471
1950,585000,0.53973383
1951,585300,0.536241255
1952,585600,0.531775021
1953,585900,0.528709546
1954,586200,0.524753306
1955,586500,0.517451508
1956,586800,0.513708953
1957,587100,0.508763541
1958,587400,0.505536772
1959,587700,0.505377734
1960,588000,0.505095693
1961,588300,0.504813652
1962,588600,0.504531612
1963,588900,0.504249571
1964,589200,0.503967531
1965,589500,0.50368549
1966,589800,0.503403449
1967,590100,0.503121409
1968,590400,0.502839368
1969,590700,0.512156132
1970,591000,0.521472896
1971,591300,0.530789661
1972,591600,0.540106425
1973,591900,0.549423189
1974,592200,0.558739953
1975,592500,0.568056717
1976,592800,0.577373481
1977,593100,0.586690245
1978,593400,0.59600701
1979,593700,0.605323774
1980,594000,0.614640538
1981,594300,0.623957302
1982,594600,0.633274066
1983,594900,0.64259083
1984,595200,0.651907594
1985,595500,0.661224359
1986,595800,0.670541123
1987,596100,0.679857887
1988,596400,0.689174651
1989,596700,0.698491415
1990,597000,0.707808179
1991,597300,0.717124943
1992,597600,0.726441708
1993,597900,0.735758472
1994,598200,0.745075236
1995,598500,0.754392
1996,598800,0.763708764
1997,599100,0.773025528
1998,599400,0.782342293
1999,599700,0.791659057
2000,600000,0.800975821
2001,600300,0.810292585
2002,600600,0.819609349
2003,600900,0.828926113
2004,601200,0.838242877
2005,601500,0.847559642
2006,601800,0.856876406
2007,602100,0.86619317
2008,602400,0.875509934
2009,602700,0.884826698
2010,603000,0.894143462
2011,603300,0.903460226
2012,603600,0.912776991
2013,603900,0.922093755
2014,604200,0.931410519
2015,604500,0.940727283
2016,604800,0.95
2017,605100,0.949647449
2018,605400,0.949294899
2019,605700,0.948942348
2020,606000,0.948589797
2021,606300,0.948237246
2022,606600,0.947884696
2023,606900,0.947532145
2024,607200,0.947179594
2025,607500,0.946827043
2026,607800,0.946474492
2027,608100,0.946121942
2028,608400,0.945769391
2029,608700,0.94541684
2030,609000,0.94506429
2031,609300,0.944711738
2032,609600,0.944359188
2033,609900,0.944006637
2034,610200,0.943654087
2035,610500,0.943301536
2036,610800,0.942948985
2037,611100,0.942596434
2038,611400,0.942243884
2039,611700,0.941891333
2040,612000,0.941538782
2041,612300,0.941186231
2042,612600,0.94083368
2043,612900,0.94048113
2044,613200,0.940128579
2045,613500,0.939776028
2046,613800,0.939423478
2047,614100,0.939070926
2048,614400,0.938718376
2049,614700,0.938365825
2050,615000,0.938013275
2051,615300,0.937660724
2052,615600,0.937308173
2053,615900,0.936955622
2054,616200,0.936603072
2055,616500,0.936250521
2056,616800,0.93589797
2057,617100,0.935545419
2058,617400,0.935192868
2059,617700,0.934840318
2060,618000,0.934487767
2061,618300,0.934135216
2062,618600,0.933782666
2063,618900,0.933430114
2064,619200,0.933077564
2065,619500,0.932725013
2066,619800,0.932372463
2067,620100,0.932019912
2068,620400,0.931667361
2069,620700,0.93131481
2070,621000,0.93096226
2071,621300,0.930609709
2072,621600,0.930257158
2073,621900,0.929904607
2074,622200,0.929552057
2075,622500,0.929199506
2076,622800,0.928846955
2077,623100,0.928494404
2078,623400,0.928141854
2079,623700,0.927789302
2080,624000,0.927436752
2081,624300,0.927084201
2082,624600,0.926731651
2083,624900,0.9263791
2084,625200,0.926026549
2085,625500,0.925673998
2086,625800,0.925321448
2087,626100,0.924968897
2088,626400,0.924616346
2089,626700,0.915230367
2090,627000,0.912496545
2091,627300,0.908501891
2092,627600,0.905962185
2093,627900,0.902890501
2094,628200,0.894751502
2095,628500,0.891555837
2096,628800,0.887315022
2097,629100,0.884675074
2098,629400,0.884043918
2099,629700,0.883691367
2100,630000,0.883338816
2101,630300,0.882986266
2102,630600,0.882633715
2103,630900,0.882281164
2104,631200,0.881928613
2105,631500,0.881576063
2106,631800,0.881223512
2107,632100,0.880870961
2108,632400,0.88051841
2109,632700,0.880165859
2110,633000,0.879813309
2111,633300,0.879460758
2112,633600,0.879108207
2113,633900,0.878755657
2114,634200,0.878403106
2115,634500,0.878050555
2116,634800,0.877698004
2117,635100,0.877345454
2118,635400,0.876992903
2119,635700,0.876640352
2120,636000,0.876287801
2121,636300,0.875935251
2122,636600,0.8755827
2123,636900,0.875230149
2124,637200,0.874877598
2125,637500,0.874525047
2126,637800,0.874172497
2127,638100,0.873819946
2128,638400,0.873467395
2129,638700,0.873114845
2130,639000,0.872762293
2131,639300,0.872409743
2132,639600,0.872057192
2133,639900,0.871704642
2134,640200,0.871352091
2135,640500,0.87099954
2136,640800,0.870646989
2137,641100,0.870294439
2138,641400,0.869941888
2139,641700,0.869589337
2140,642000,0.869236786
2141,642300,0.868884235
2142,642600,0.868531685
2143,642900,0.868179134
2144,643200,0.867826583
2145,643500,0.867474033
2146,643800,0.867121481
2147,644100,0.866768931
2148,644400,0.86641638
2149,644700,0.86606383
2150,645000,0.865711279
2151,645300,0.865358728
2152,645600,0.865006177
2153,645900,0.864653627
2154,646200,0.864301076
2155,646500,0.863948525
2156,646800,0.863595974
2157,647100,0.863243423
2158,647400,0.862890873
2159,647700,0.862538322
2160,648000,0.862185771
2161,648300,0.861833221
2162,648600,0.861480669
2163,648900,0.861128119
2164,649200,0.860775568
2165,649500,0.860423018
2166,649800,0.860070467
2167,650100,0.859717916
2168,650400,0.859365365
2169,650700,0.859012815
2170,651000,0.858660264
2171,651300,0.858307713
2172,651600,0.857955162
2173,651900,0.857602612
2174,652200,0.857250061
2175,652500,0.85689751
2176,652800,0.856544959
2177,653100,0.856192409
2178,653400,0.855839857
2179,653700,0.855487307
2180,654000,0.855134756
2181,654300,0.854782206
2182,654600,0.854429655
2183,654900,0.854077104
2184,655200,0.853724553
2185,655500,0.853372003
2186,655800,0.853019452
2187,656100,0.852666901
2188,656400,0.85231435
2189,656700,0.8519618
2190,657000,0.851609249
2191,657300,0.851256698
2192,657600,0.850904147
2193,657900,0.850551596
2194,658200,0.850199045
2195,658500,0.849846495
2196,658800,0.849493944
2197,659100,0.849141394
2198,659400,0.848788843
2199,659700,0.848436292
2200,660000,0.848083741
2201,660300,0.84773119
2202,660600,0.84737864
2203,660900,0.847026089
2204,661200,0.846673538
2205,661500,0.846320987
2206,661800,0.838546473
2207,662100,0.834816746
2208,662400,0.830697
2209,662700,0.827910673
2210,663000,0.824463444
2211,663300,0.816598525
2212,663600,0.813607081
2213,663900,0.809039508
2214,664200,0.806254108
2215,664500,0.805748559
2216,664800,0.805396009
2217,665100,0.805043458
2218,665400,0.804690907
2219,665700,0.804338356
2220,666000,0.803985806
2221,666300,0.803633255
2222,666600,0.803280704
2223,666900,0.802928153
2224,667200,0.802575602
2225,667500,0.802223052
2226,667800,0.801870501
2227,668100,0.80151795
2228,668400,0.8011654
2229,668700,0.800812848
2230,669000,0.800460298
2231,669300,0.800107747
2232,669600,0.799755197
2233,669900,0.799402646
2234,670200,0.799050095
2235,670500,0.798697544
2236,670800,0.798344994
2237,671100,0.797992443
2238,671400,0.797639892
2239,671700,0.797287341
2240,672000,0.79693479
2241,672300,0.79658224
2242,672600,0.796229689
2243,672900,0.795877138
2244,673200,0.795524587
2245,673500,0.795172036
2246,673800,0.794819485
2247,674100,0.794466935
2248,674400,0.794114384
2249,674700,0.793761834
2250,675000,0.793409283
2251,675300,0.793056732
2252,675600,0.792704181
2253,675900,0.792351631
2254,676200,0.79199908
2255,676500,0.791646529
2256,676800,0.791293978
2257,677100,0.794597015
2258,677400,0.797900052
2259,677700,0.801203089
2260,678000,0.804506126
2261,678300,0.807809162
2262,678600,0.811112199
2263,678900,0.814415236
2264,679200,0.817718273
2265,679500,0.82102131
2266,679800,0.824324347
2267,680100,0.827627384
2268,680400,0.830930421
2269,680700,0.834233458
2270,681000,0.837536495
2271,681300,0.840839531
2272,681600,0.844142568
2273,681900,0.847445605
2274,682200,0.850748642
2275,682500,0.854051679
2276,682800,0.857354716
2277,683100,0.860657753
2278,683400,0.86396079
2279,683700,0.867263827
2280,684000,0.870566863
2281,684300,0.8738699
2282,684600,0.877172937
2283,684900,0.880475974
2284,685200,0.883779011
2285,685500,0.887082048
2286,685800,0.890385085
2287,686100,0.893688122
2288,686400,0.896991159
2289,686700,0.900294196
2290,687000,0.903597232
2291,687300,0.906900269
2292,687600,0.910203306
2293,687900,0.913506343
2294,688200,0.91680938
2295,688500,0.920112417
2296,688800,0.923415454
2297,689100,0.926718491
2298,689400,0.930021528
2299,689700,0.933324564
2300,690000,0.936627601
2301,690300,0.939930638
2302,690600,0.943233675
2303,690900,0.946536712
2304,691200,0.95
2305,691500,0.949647449
2306,691800,0.949294899
2307,692100,0.948942348
2308,692400,0.948589797
2309,692700,0.948237246
2310,693000,0.947884696
2311,693300,0.947532145
2312,693600,0.947179594
2313,693900,0.946827043
2314,694200,0.946474492
2315,694500,0.946121942
2316,694800,0.945769391
2317,695100,0.94541684
2318,695400,0.94506429
2319,695700,0.944711738
2320,696000,0.944359188
2321,696300,0.944006637
2322,696600,0.943654087
2323,696900,0.943301536
2324,697200,0.942948985
2325,697500,0.942596434
2326,697800,0.942243884
2327,698100,0.941891333
2328,698400,0.941538782
2329,698700,0.941186231
2330,699000,0.94083368
2331,699300,0.94048113
2332,699600,0.940128579
2333,699900,0.939776028
2334,700200,0.939423478
2335,700500,0.939070926
2336,700800,0.938718376
2337,701100,0.938365825
2338,701400,0.938013275
2339,701700,0.937660724
2340,702000,0.937308173
2341,702300,0.936955622
2342,702600,0.936603072
2343,702900,0.936250521
2344,703200,0.93589797
2345,703500,0.935545419
2346,703800,0.935192868
2347,704100,0.934840318
2348,704400,0.934487767
2349,704700,0.934135216
2350,705000,0.933782666
2351,705300,0.933430114
2352,705600,0.933077564
2353,705900,0.932725013
2354,706200,0.932372463
2355,706500,0.932019912
2356,706800,0.931667361
2357,707100,0.93131481
2358,707400,0.93096226
2359,707700,0.930609709
2360,708000,0.930257158
2361,708300,0.929904607
2362,708600,0.929552057
2363,708900,0.929199506
2364,709200,0.928846955
2365,709500,0.928494404
2366,709800,0.928141854
2367,710100,0.927789302
2368,710400,0.927436752
2369,710700,0.927084201
2370,711000,0.926731651
2371,711300,0.9263791
2372,711600,0.926026549
2373,711900,0.925673998
2374,712200,0.925321448
2375,712500,0.924968897
2376,712800,0.924616346
2377,713100,0.915230367
2378,713400,0.912496545
2379,713700,0.908501891
2380,714000,0.905962185
2381,714300,0.902890501
2382,714600,0.894751502
2383,714900,0.891555837
2384,715200,0.887315022
2385,715500,0.884675074
2386,715800,0.884043918
2387,716100,0.883691367
2388,716400,0.883338816
2389,716700,0.882986266
2390,717000,0.882633715
2391,717300,0.882281164
2392,717600,0.881928613
2393,717900,0.881576063
2394,718200,0.881223512
2395,718500,0.880870961
2396,718800,0.88051841
2397,719100,0.880165859
2398,719400,0.879813309
2399,719700,0.879460758
2400,720000,0.879108207
2401,720300,0.878755657
2402,720600,0.878403106
2403,720900,0.878050555
2404,721200,0.877698004
2405,721500,0.877345454
2406,721800,0.876992903
2407,722100,0.876640352
2408,722400,0.876287801
2409,722700,0.875935251
2410,723000,0.8755827
2411,723300,0.875230149
2412,723600,0.874877598
2413,723900,0.874525047
2414,724200,0.874172497
2415,724500,0.873819946
2416,724800,0.873467395
2417,725100,0.873114845
2418,725400,0.872762293
2419,725700,0.872409743
2420,726000,0.872057192
2421,726300,0.871704642
2422,726600,0.871352091
2423,726900,0.87099954
2424,727200,0.870646989
2425,727500,0.870294439
2426,727800,0.869941888
2427,728100,0.869589337
2428,728400,0.869236786
2429,728700,0.868884235
2430,729000,0.868531685
2431,729300,0.868179134
2432,729600,0.867826583
2433,729900,0.867474033
2434,730200,0.867121481
2435,730500,0.866768931
2436,730800,0.86641638
2437,731100,0.86606383
2438,731400,0.865711279
2439,731700,0.865358728
2440,732000,0.865006177
2441,732300,0.864653627
2442,732600,0.864301076
2443,732900,0.863948525
2444,733200,0.863595974
2445,733500,0.863243423
2446,733800,0.862890873
2447,734100,0.862538322
2448,734400,0.862185771
2449,734700,0.861833221
2450,735000,0.861480669
2451,735300,0.861128119
2452,735600,0.860775568
2453,735900,0.860423018
2454,736200,0.860070467
2455,736500,0.859717916
2456,736800,0.859365365
2457,737100,0.859012815
2458,737400,0.858660264
2459,737700,0.858307713
2460,738000,0.857955162
2461,738300,0.857602612
2462,738600,0.857250061
2463,738900,0.85689751
2464,739200,0.856544959
2465,739500,0.856192409
2466,739800,0.855839857
2467,740100,0.855487307
2468,740400,0.855134756
2469,740700,0.854782206
2470,741000,0.854429655
2471,741300,0.854077104
2472,741600,0.853724553
2473,741900,0.853372003
2474,742200,0.853019452
2475,742500,0.852666901
2476,742800,0.85231435
2477,743100,0.8519618
2478,743400,0.851609249
2479,743700,0.851256698
2480,744000,0.850904147
2481,744300,0.850551596
2482,744600,0.850199045
2483,744900,0.849846495
2484,745200,0.849493944
2485,745500,0.849141394
2486,745800,0.848788843
2487,746100,0.848436292
2488,746400,0.848083741
2489,746700,0.84773119
2490,747000,0.84737864
2491,747300,0.847026089
2492,747600,0.846673538
2493,747900,0.846320987
2494,748200,0.838546473
2495,748500,0.834816746
2496,748800,0.830697
2497,749100,0.827910673
2498,749400,0.824463444
2499,749700,0.816598525
2500,750000,0.813607081
2501,750300,0.809039508
2502,750600,0.806254108
2503,750900,0.805748559
2504,751200,0.805396009
2505,751500,0.805043458
2506,751800,0.804690907
2507,752100,0.804338356
2508,752400,0.803985806
2509,752700,0.803633255
2510,753000,0.803280704
2511,753300,0.802928153
2512,753600,0.802575602
2513,753900,0.802223052
2514,754200,0.801870501
2515,754500,0.80151795
2516,754800,0.8011654
2517,755100,0.800812848
2518,755400,0.800460298
2519,755700,0.800107747
2520,756000,0.799755197
2521,756300,0.799402646
2522,756600,0.799050095
2523,756900,0.798697544
2524,757200,0.798344994
2525,757500,0.797992443
2526,757800,0.797639892
2527,758100,0.797287341
2528,758400,0.79693479
2529,758700,0.79658224
2530,759000,0.796229689
2531,759300,0.795877138
2532,759600,0.795524587
2533,759900,0.795172036
2534,760200,0.794819485
2535,760500,0.794466935
2536,760800,0.794114384
2537,761100,0.793761834
2538,761400,0.793409283
2539,761700,0.793056732
2540,762000,0.792704181
2541,762300,0.792351631
2542,762600,0.79199908
2543,762900,0.791646529
2544,763200,0.791293978
2545,763500,0.790941428
2546,763800,0.790588877
2547,764100,0.790236326
2548,764400,0.789883775
2549,764700,0.789531224
2550,765000,0.789178673
2551,765300,0.788826123
2552,765600,0.788473572
2553,765900,0.788121022
2554,766200,0.787768471
2555,766500,0.78741592
2556,766800,0.787063369
2557,767100,0.786710819
2558,767400,0.786358268
2559,767700,0.786005717
2560,768000,0.785653166
2561,768300,0.785300616
2562,768600,0.784948065
2563,768900,0.784595514
2564,769200,0.784242963
2565,769500,0.783890412
2566,769800,0.783537861
2567,770100,0.783185311
2568,770400,0.78283276
2569,770700,0.78248021
2570,771000,0.782127659
2571,771300,0.781775108
2572,771600,0.781422557
2573,771900,0.781070007
2574,772200,0.780717456
2575,772500,0.780364905
2576,772800,0.780012354
2577,773100,0.779659804
2578,773400,0.779307253
2579,773700,0.778954702
2580,774000,0.778602151
2581,774300,0.7782496
2582,774600,0.777897049
2583,774900,0.777544499
2584,775200,0.777191948
2585,775500,0.776839398
2586,775800,0.776486847
2587,776100,0.776134296
2588,776400,0.775781745
2589,776700,0.775429195
2590,777000,0.775076644
2591,777300,0.774724093
2592,777600,0.774371542
2593,777900,0.774018992
2594,778200,0.773666441
2595,778500,0.77331389
2596,778800,0.772961339
2597,779100,0.772608788
2598,779400,0.772256237
2599,779700,0.771903687
2600,780000,0.771551136
2601,780300,0.771198586
2602,780600,0.770846035
2603,780900,0.770493484
2604,781200,0.770140933
2605,781500,0.769788383
2606,781800,0.769435832
2607,782100,0.769083281
2608,782400,0.76873073
2609,782700,0.76837818
2610,783000,0.768025629
2611,783300,0.767673078
2612,783600,0.767320527
2613,783900,0.766967976
2614,784200,0.766615426
2615,784500,0.766262875
2616,784800,0.765910324
2617,785100,0.765557774
2618,785400,0.765205223
2619,785700,0.764852672
2620,786000,0.764500121
2621,786300,0.764147571
2622,786600,0.76379502
2623,786900,0.763442469
2624,787200,0.763089918
2625,787500,0.762737368
2626,787800,0.762384817
2627,788100,0.762032266
2628,788400,0.761679715
2629,788700,0.761327164
2630,789000,0.760974614
2631,789300,0.760622063
2632,789600,0.760269512
2633,789900,0.759916962
2634,790200,0.75956441
2635,790500,0.75921186
2636,790800,0.758859309
2637,791100,0.758506759
2638,791400,0.758154208
2639,791700,0.757801657
2640,792000,0.757449106
2641,792300,0.757096556
2642,792600,0.756744005
2643,792900,0.756391454
2644,793200,0.756038903
2645,793500,0.755686352
2646,793800,0.755333802
2647,794100,0.754981251
2648,794400,0.7546287
2649,794700,0.75427615
2650,795000,0.753923598
2651,795300,0.753571048
2652,795600,0.753218497
2653,795900,0.752865947
2654,796200,0.752513396
2655,796500,0.752160845
2656,796800,0.751808294
2657,797100,0.751455744
2658,797400,0.751103193
2659,797700,0.750750642
2660,798000,0.750398091
2661,798300,0.75004554
2662,798600,0.74969299
2663,798900,0.749340439
2664,799200,0.748987888
2665,799500,0.739601909
2666,799800,0.736868087
2667,800100,0.732873433
2668,800400,0.730333727
2669,800700,0.727262043
2670,801000,0.719123044
2671,801300,0.715927379
2672,801600,0.711686564
2673,801900,0.709046615
2674,802200,0.70841546
2675,802500,0.708062909
2676,802800,0.707710359
2677,803100,0.707357808
2678,803400,0.707005257
2679,803700,0.706652706
2680,804000,0.706300155
2681,804300,0.705947604
2682,804600,0.705595054
2683,804900,0.705242503
2684,805200,0.704889953
2685,805500,0.704537402
2686,805800,0.704184851
2687,806100,0.7038323
2688,806400,0.70347975
2689,806700,0.703127198
2690,807000,0.702774648
2691,807300,0.702422097
2692,807600,0.702069547
2693,807900,0.701716996
2694,808200,0.701364445
2695,808500,0.701011894
2696,808800,0.700659343
2697,809100,0.700306792
2698,809400,0.699954242
2699,809700,0.699601691
2700,810000,0.699249141
2701,810300,0.69889659
2702,810600,0.698544039
2703,810900,0.698191488
2704,811200,0.697838938
2705,811500,0.697486387
2706,811800,0.697133836
2707,812100,0.696781285
2708,812400,0.696428735
2709,812700,0.696076184
2710,813000,0.695723633
2711,813300,0.695371082
2712,813600,0.695018532
2713,813900,0.694665981
2714,814200,0.69431343
2715,814500,0.693960879
2716,814800,0.693608328
2717,815100,0.693255778
2718,815400,0.692903227
2719,815700,0.692550676
2720,816000,0.692198125
2721,816300,0.691845575
2722,816600,0.691493024
2723,816900,0.691140473
2724,817200,0.690787922
2725,817500,0.690435372
2726,817800,0.690082821
2727,818100,0.68973027
2728,818400,0.689377719
2729,818700,0.689025169
2730,819000,0.688672618
2731,819300,0.688320067
2732,819600,0.687967516
2733,819900,0.687614966
2734,820200,0.687262415
2735,820500,0.686909864
2736,820800,0.686557313
2737,821100,0.686204763
2738,821400,0.685852212
2739,821700,0.685499661
2740,822000,0.68514711
2741,822300,0.68479456
2742,822600,0.684442009
2743,822900,0.684089458
2744,823200,0.683736907
2745,823500,0.683384357
2746,823800,0.683031806
2747,824100,0.682679255
2748,824400,0.682326704
2749,824700,0.681974154
2750,825000,0.681621603
2751,825300,0.681269052
2752,825600,0.680916501
2753,825900,0.680563951
2754,826200,0.6802114
2755,826500,0.679858849
2756,826800,0.679506298
2757,827100,0.679153748
2758,827400,0.678801197
2759,827700,0.678448646
2760,828000,0.678096095
2761,828300,0.677743545
2762,828600,0.677390994
2763,828900,0.677038443
2764,829200,0.676685892
2765,829500,0.676333342
2766,829800,0.675980791
2767,830100,0.67562824
2768,830400,0.675275689
2769,830700,0.674923139
2770,831000,0.674570588
2771,831300,0.674218037
2772,831600,0.673865486
2773,831900,0.673512936
2774,832200,0.673160385
2775,832500,0.672807834
2776,832800,0.672455283
2777,833100,0.672102733
2778,833400,0.671750182
2779,833700,0.671397631
2780,834000,0.67104508
2781,834300,0.67069253
2782,834600,0.662918015
2783,834900,0.659188288
2784,835200,0.655068542
2785,835500,0.652282216
2786,835800,0.648834986
2787,836100,0.640970067
2788,836400,0.637978623
2789,836700,0.63341105
2790,837000,0.63062565
2791,837300,0.630120101
2792,837600,0.629767551
2793,837900,0.629415
2794,838200,0.629062449
2795,838500,0.628709898
2796,838800,0.628357348
2797,839100,0.628004797
2798,839400,0.627652246
2799,839700,0.627299695
2800,840000,0.626947145
2801,840300,0.626594594
2802,840600,0.626242043
2803,840900,0.625889492
2804,841200,0.625536942
2805,841500,0.625184391
2806,841800,0.62483184
2807,842100,0.624479289
2808,842400,0.624126739
2809,842700,0.623774188
2810,843000,0.623421637
2811,843300,0.623069086
2812,843600,0.622716536
2813,843900,0.622363985
2814,844200,0.622011434
2815,844500,0.621658883
2816,844800,0.621306333
2817,845100,0.620953782
2818,845400,0.620601231
2819,845700,0.62024868
2820,846000,0.61989613
2821,846300,0.619543579
2822,846600,0.619191028
2823,846900,0.618838477
2824,847200,0.618485927
2825,847500,0.618133376
2826,847800,0.617780825
2827,848100,0.617428274
2828,848400,0.617075724
2829,848700,0.616723173
2830,849000,0.616370622
2831,849300,0.616018071
2832,849600,0.615665521
2833,849900,0.622627738
2834,850200,0.629589955
2835,850500,0.636552172
2836,850800,0.643514389
2837,851100,0.650476607
2838,851400,0.657438824
2839,851700,0.664401041
2840,852000,0.671363258
2841,852300,0.678325476
2842,852600,0.685287693
2843,852900,0.69224991
2844,853200,0.699212127
2845,853500,0.706174344
2846,853800,0.713136562
2847,854100,0.720098779
2848,854400,0.727060996
2849,854700,0.734023213
2850,855000,0.74098543
2851,855300,0.747947648
2852,855600,0.754909865
2853,855900,0.761872082
2854,856200,0.768834299
2855,856500,0.775796516
2856,856800,0.782758734
2857,857100,0.789720951
2858,857400,0.796683168
2859,857700,0.803645385
2860,858000,0.810607603
2861,858300,0.81756982
2862,858600,0.824532037
2863,858900,0.831494254
2864,859200,0.838456471
2865,859500,0.845418689
2866,859800,0.852380906
2867,860100,0.859343123
2868,860400,0.86630534
2869,860700,0.873267557
2870,861000,0.880229775
2871,861300,0.887191992
2872,861600,0.894154209
2873,861900,0.901116426
2874,862200,0.908078643
2875,862500,0.915040861
2876,862800,0.922003078
2877,863100,0.928965295
2878,863400,0.935927512
2879,863700,0.94288973
2880,864000,0.95
2881,864300,0.949647449
2882,864600,0.949294899
2883,864900,0.948942348
2884,865200,0.948589797
2885,865500,0.948237246
2886,865800,0.947884696
2887,866100,0.947532145
2888,866400,0.947179594
2889,866700,0.946827043
2890,867000,0.946474493
2891,867300,0.946121942
2892,867600,0.945769391
2893,867900,0.94541684
2894,868200,0.94506429
2895,868500,0.944711739
2896,868800,0.944359188
2897,869100,0.944006637
2898,869400,0.943654087
2899,869700,0.943301536
2900,870000,0.942948985
2901,870300,0.942596434
2902,870600,0.942243884
2903,870900,0.941891333
2904,871200,0.941538782
2905,871500,0.941186231
2906,871800,0.940833681
2907,872100,0.94048113
2908,872400,0.940128579
2909,872700,0.939776028
2910,873000,0.939423478
2911,873300,0.939070927
2912,873600,0.938718376
2913,873900,0.938365825
2914,874200,0.938013275
2915,874500,0.937660724
2916,874800,0.937308173
2917,875100,0.936955622
2918,875400,0.936603072
2919,875700,0.936250521
2920,876000,0.93589797
2921,876300,0.935545419
2922,876600,0.935192869
2923,876900,0.934840318
2924,877200,0.934487767
2925,877500,0.934135216
2926,877800,0.933782666
2927,878100,0.933430115
2928,878400,0.933077564
2929,878700,0.932725013
2930,879000,0.932372463
2931,879300,0.932019912
2932,879600,0.931667361
2933,879900,0.93131481
2934,880200,0.93096226
2935,880500,0.930609709
2936,880800,0.930257158
2937,881100,0.929904607
2938,881400,0.929552057
2939,881700,0.929199506
2940,882000,0.928846955
2941,882300,0.928494404
2942,882600,0.928141854
2943,882900,0.927789303
2944,883200,0.927436752
2945,883500,0.927084201
2946,883800,0.926731651
2947,884100,0.9263791
2948,884400,0.926026549
2949,884700,0.925673998
2950,885000,0.925321448
2951,885300,0.924968897
2952,885600,0.924616346
2953,885900,0.915230367
2954,886200,0.912496545
2955,886500,0.908501891
2956,886800,0.905962185
2957,887100,0.902890502
2958,887400,0.894751502
2959,887700,0.891555837
2960,888000,0.887315022
2961,888300,0.884675074
2962,888600,0.884043918
2963,888900,0.883691367
2964,889200,0.883338816
2965,889500,0.882986266
2966,889800,0.882633715
2967,890100,0.882281164
2968,890400,0.881928613
2969,890700,0.881576063
2970,891000,0.881223512
2971,891300,0.880870961
2972,891600,0.88051841
2973,891900,0.88016586
2974,892200,0.879813309
2975,892500,0.879460758
2976,892800,0.879108207
2977,893100,0.878755657
2978,893400,0.878403106
2979,893700,0.878050555
2980,894000,0.877698004
2981,894300,0.877345454
2982,894600,0.876992903
2983,894900,0.876640352
2984,895200,0.876287801
2985,895500,0.875935251
2986,895800,0.8755827
2987,896100,0.875230149
2988,896400,0.874877598
2989,896700,0.874525048
2990,897000,0.874172497
2991,897300,0.873819946
2992,897600,0.873467395
2993,897900,0.873114845
2994,898200,0.872762294
2995,898500,0.872409743
2996,898800,0.872057192
2997,899100,0.871704642
2998,899400,0.871352091
2999,899700,0.87099954
3000,900000,0.870646989
3001,900300,0.870294439
3002,900600,0.869941888
3003,900900,0.869589337
3004,901200,0.869236786
3005,901500,0.868884236
3006,901800,0.868531685
3007,902100,0.868179134
3008,902400,0.867826583
3009,902700,0.867474033
3010,903000,0.867121482
3011,903300,0.866768931
3012,903600,0.86641638
3013,903900,0.86606383
3014,904200,0.865711279
3015,904500,0.865358728
3016,904800,0.865006177
3017,905100,0.864653627
3018,905400,0.864301076
3019,905700,0.863948525
3020,906000,0.863595974
3021,906300,0.863243424
3022,906600,0.862890873
3023,906900,0.862538322
3024,907200,0.862185771
3025,907500,0.861833221
3026,907800,0.86148067
3027,908100,0.861128119
3028,908400,0.860775568
3029,908700,0.860423018
3030,909000,0.860070467
3031,909300,0.859717916
3032,909600,0.859365365
3033,909900,0.859012815
3034,910200,0.858660264
3035,910500,0.858307713
3036,910800,0.857955162
3037,911100,0.857602612
3038,911400,0.857250061
3039,911700,0.85689751
3040,912000,0.856544959
3041,912300,0.856192409
3042,912600,0.855839858
3043,912900,0.855487307
3044,913200,0.855134756
3045,913500,0.854782206
3046,913800,0.854429655
3047,914100,0.854077104
3048,914400,0.853724553
3049,914700,0.853372003
3050,915000,0.853019452
3051,915300,0.852666901
3052,915600,0.85231435
3053,915900,0.8519618
3054,916200,0.851609249
3055,916500,0.851256698
3056,916800,0.850904147
3057,917100,0.850551597
3058,917400,0.850199046
3059,917700,0.849846495
3060,918000,0.849493944
3061,918300,0.849141394
3062,918600,0.848788843
3063,918900,0.848436292
3064,919200,0.848083741
3065,919500,0.84773119
3066,919800,0.84737864
3067,920100,0.847026089
3068,920400,0.846673538
3069,920700,0.846320987
3070,921000,0.838546473
3071,921300,0.834816746
3072,921600,0.830697
3073,921900,0.827910674
3074,922200,0.824463444
3075,922500,0.816598525
3076,922800,0.813607081
3077,923100,0.809039508
3078,923400,0.806254108
3079,923700,0.805748559
3080,924000,0.805396009
3081,924300,0.805043458
3082,924600,0.804690907
3083,924900,0.804338356
3084,925200,0.803985806
3085,925500,0.803633255
3086,925800,0.803280704
3087,926100,0.802928153
3088,926400,0.802575603
3089,926700,0.802223052
3090,927000,0.801870501
3091,927300,0.80151795
3092,927600,0.8011654
3093,927900,0.800812849
3094,928200,0.800460298
3095,928500,0.800107747
3096,928800,0.799755197
3097,929100,0.799402646
3098,929400,0.799050095
3099,929700,0.798697544
3100,930000,0.798344994
3101,930300,0.797992443
3102,930600,0.797639892
3103,930900,0.797287341
3104,931200,0.796934791
3105,931500,0.79658224
3106,931800,0.796229689
3107,932100,0.795877138
3108,932400,0.795524587
3109,932700,0.795172037
3110,933000,0.794819486
3111,933300,0.794466935
3112,933600,0.794114384
3113,933900,0.793761834
3114,934200,0.793409283
3115,934500,0.793056732
3116,934800,0.792704181
3117,935100,0.792351631
3118,935400,0.79199908
3119,935700,0.791646529
3120,936000,0.791293978
3121,936300,0.790941428
3122,936600,0.790588877
3123,936900,0.790236326
3124,937200,0.789883775
3125,937500,0.789531225
3126,937800,0.789178674
3127,938100,0.788826123
3128,938400,0.788473572
3129,938700,0.788121022
3130,939000,0.787768471
3131,939300,0.78741592
3132,939600,0.787063369
3133,939900,0.786710819
3134,940200,0.786358268
3135,940500,0.786005717
3136,940800,0.785653166
3137,941100,0.785300616
3138,941400,0.784948065
3139,941700,0.784595514
3140,942000,0.784242963
3141,942300,0.783890413
3142,942600,0.783537862
3143,942900,0.783185311
3144,943200,0.78283276
3145,943500,0.78248021
3146,943800,0.782127659
3147,944100,0.781775108
3148,944400,0.781422557
3149,944700,0.781070007
3150,945000,0.780717456
3151,945300,0.780364905
3152,945600,0.780012354
3153,945900,0.779659804
3154,946200,0.779307253
3155,946500,0.778954702
3156,946800,0.778602151
3157,947100,0.778249601
3158,947400,0.77789705
3159,947700,0.777544499
3160,948000,0.777191948
3161,948300,0.776839398
3162,948600,0.776486847
3163,948900,0.776134296
3164,949200,0.775781745
3165,949500,0.775429195
3166,949800,0.775076644
3167,950100,0.774724093
3168,950400,0.774371542
3169,950700,0.774018992
3170,951000,0.773666441
3171,951300,0.77331389
3172,951600,0.772961339
3173,951900,0.772608789
3174,952200,0.772256238
3175,952500,0.771903687
3176,952800,0.771551136
3177,953100,0.771198586
3178,953400,0.770846035
3179,953700,0.770493484
3180,954000,0.770140933
3181,954300,0.769788383
3182,954600,0.769435832
3183,954900,0.769083281
3184,955200,0.76873073
3185,955500,0.76837818
3186,955800,0.768025629
3187,956100,0.767673078
3188,956400,0.767320527
3189,956700,0.766967977
3190,957000,0.766615426
3191,957300,0.766262875
3192,957600,0.765910324
3193,957900,0.765557774
3194,958200,0.765205223
3195,958500,0.764852672
3196,958800,0.764500121
3197,959100,0.764147571
3198,959400,0.76379502
3199,959700,0.763442469
3200,960000,0.763089918
3201,960300,0.762737368
3202,960600,0.762384817
3203,960900,0.762032266
3204,961200,0.761679715
3205,961500,0.761327165
3206,961800,0.760974614
3207,962100,0.760622063
3208,962400,0.760269512
3209,962700,0.759916962
3210,963000,0.759564411
3211,963300,0.75921186
3212,963600,0.758859309
3213,963900,0.758506759
3214,964200,0.758154208
3215,964500,0.757801657
3216,964800,0.757449106
3217,965100,0.757096556
3218,965400,0.756744005
3219,965700,0.756391454
3220,966000,0.756038903
3221,966300,0.755686353
3222,966600,0.755333802
3223,966900,0.754981251
3224,967200,0.7546287
3225,967500,0.75427615
3226,967800,0.753923599
3227,968100,0.753571048
3228,968400,0.753218497
3229,968700,0.752865947
3230,969000,0.752513396
3231,969300,0.752160845
3232,969600,0.751808294
3233,969900,0.751455744
3234,970200,0.751103193
3235,970500,0.750750642
3236,970800,0.750398091
3237,971100,0.750045541
3238,971400,0.74969299
3239,971700,0.749340439
3240,972000,0.748987888
3241,972300,0.739601909
3242,972600,0.736868087
3243,972900,0.732873433
3244,973200,0.730333728
3245,973500,0.727262044
3246,973800,0.719123044
3247,974100,0.715927379
3248,974400,0.711686564
3249,974700,0.709046616
3250,975000,0.70841546
3251,975300,0.708062909
3252,975600,0.707710359
3253,975900,0.707357808
3254,976200,0.707005257
3255,976500,0.706652706
3256,976800,0.706300156
3257,977100,0.705947605
3258,977400,0.705595054
3259,977700,0.705242503
3260,978000,0.704889953
3261,978300,0.704537402
3262,978600,0.704184851
3263,978900,0.7038323
3264,979200,0.70347975
3265,979500,0.703127199
3266,979800,0.702774648
3267,980100,0.702422097
3268,980400,0.702069547
3269,980700,0.701716996
3270,981000,0.701364445
3271,981300,0.701011894
3272,981600,0.700659344
3273,981900,0.700306793
3274,982200,0.699954242
3275,982500,0.699601691
3276,982800,0.699249141
3277,983100,0.69889659
3278,983400,0.698544039
3279,983700,0.698191488
3280,984000,0.697838938
3281,984300,0.697486387
3282,984600,0.697133836
3283,984900,0.696781285
3284,985200,0.696428735
3285,985500,0.696076184
3286,985800,0.695723633
3287,986100,0.695371082
3288,986400,0.695018532
3289,986700,0.694665981
3290,987000,0.69431343
3291,987300,0.693960879
3292,987600,0.693608328
3293,987900,0.693255778
3294,988200,0.692903227
3295,988500,0.692550676
3296,988800,0.692198125
3297,989100,0.691845575
3298,989400,0.691493024
3299,989700,0.691140473
3300,990000,0.690787922
3301,990300,0.690435372
3302,990600,0.690082821
3303,990900,0.68973027
3304,991200,0.689377719
3305,991500,0.689025169
3306,991800,0.688672618
3307,992100,0.688320067
3308,992400,0.687967516
3309,992700,0.687614966
3310,993000,0.687262415
3311,993300,0.686909864
3312,993600,0.686557313
3313,993900,0.686204763
3314,994200,0.685852212
3315,994500,0.685499661
3316,994800,0.68514711
3317,995100,0.68479456
3318,995400,0.684442009
3319,995700,0.684089458
3320,996000,0.683736907
3321,996300,0.683384357
3322,996600,0.683031806
3323,996900,0.682679255
3324,997200,0.682326704
3325,997500,0.681974154
3326,997800,0.681621603
3327,998100,0.681269052
3328,998400,0.680916501
3329,998700,0.680563951
3330,999000,0.6802114
3331,999300,0.679858849
3332,999600,0.679506298
3333,999900,0.679153748
3334,1000200,0.678801197
3335,1000500,0.678448646
3336,1000800,0.678096095
3337,1001100,0.677743545
3338,1001400,0.677390994
3339,1001700,0.677038443
3340,1002000,0.676685892
3341,1002300,0.676333342
3342,1002600,0.675980791
3343,1002900,0.67562824
3344,1003200,0.675275689
3345,1003500,0.674923139
3346,1003800,0.674570588
3347,1004100,0.674218037
3348,1004400,0.673865486
3349,1004700,0.673512936
3350,1005000,0.673160385
3351,1005300,0.672807834
3352,1005600,0.672455283
3353,1005900,0.672102733
3354,1006200,0.671750182
3355,1006500,0.671397631
3356,1006800,0.67104508
3357,1007100,0.67069253
3358,1007400,0.662918015
3359,1007700,0.659188288
3360,1008000,0.655068542
3361,1008300,0.652282216
3362,1008600,0.648834986
3363,1008900,0.640970067
3364,1009200,0.637978623
3365,1009500,0.63341105
3366,1009800,0.63062565
3367,1010100,0.630120101
3368,1010400,0.629767551
3369,1010700,0.629415
3370,1011000,0.629062449
3371,1011300,0.628709898
3372,1011600,0.628357348
3373,1011900,0.628004797
3374,1012200,0.627652246
3375,1012500,0.627299695
3376,1012800,0.626947145
3377,1013100,0.626594594
3378,1013400,0.626242043
3379,1013700,0.625889492
3380,1014000,0.625536942
3381,1014300,0.625184391
3382,1014600,0.62483184
3383,1014900,0.624479289
3384,1015200,0.624126739
3385,1015500,0.623774188
3386,1015800,0.623421637
3387,1016100,0.623069086
3388,1016400,0.622716536
3389,1016700,0.622363985
3390,1017000,0.622011434
3391,1017300,0.621658883
3392,1017600,0.621306333
3393,1017900,0.620953782
3394,1018200,0.620601231
3395,1018500,0.62024868
3396,1018800,0.61989613
3397,1019100,0.619543579
3398,1019400,0.619191028
3399,1019700,0.618838477
3400,1020000,0.618485927
3401,1020300,0.618133376
3402,1020600,0.617780825
3403,1020900,0.617428274
3404,1021200,0.617075724
3405,1021500,0.616723173
3406,1021800,0.616370622
3407,1022100,0.616018071
3408,1022400,0.615665521
3409,1022700,0.622627738
3410,1023000,0.629589955
3411,1023300,0.636552172
3412,1023600,0.643514389
3413,1023900,0.650476607
3414,1024200,0.657438824
3415,1024500,0.664401041
3416,1024800,0.671363258
3417,1025100,0.678325476
3418,1025400,0.685287693
3419,1025700,0.69224991
3420,1026000,0.699212127
3421,1026300,0.706174344
3422,1026600,0.713136562
3423,1026900,0.720098779
3424,1027200,0.727060996
3425,1027500,0.734023213
3426,1027800,0.74098543
3427,1028100,0.747947648
3428,1028400,0.754909865
3429,1028700,0.761872082
3430,1029000,0.768834299
3431,1029300,0.775796516
3432,1029600,0.782758734
3433,1029900,0.789720951
3434,1030200,0.796683168
3435,1030500,0.803645385
3436,1030800,0.810607603
3437,1031100,0.81756982
3438,1031400,0.824532037
3439,1031700,0.831494254
3440,1032000,0.838456471
3441,1032300,0.845418689
3442,1032600,0.852380906
3443,1032900,0.859343123
3444,1033200,0.86630534
3445,1033500,0.873267557
3446,1033800,0.880229775
3447,1034100,0.887191992
3448,1034400,0.894154209
3449,1034700,0.901116426
3450,1035000,0.908078643
3451,1035300,0.915040861
3452,1035600,0.922003078
3453,1035900,0.928965295
3454,1036200,0.935927512
3455,1036500,0.94288973
3456,1036800,0.95
3457,1037100,0.949647449
3458,1037400,0.949294899
3459,1037700,0.948942348
3460,1038000,0.948589797
3461,1038300,0.948237246
3462,1038600,0.947884696
3463,1038900,0.947532145
3464,1039200,0.947179594
3465,1039500,0.946827043
3466,1039800,0.946474493
3467,1040100,0.946121942
3468,1040400,0.945769391
3469,1040700,0.94541684
3470,1041000,0.94506429
3471,1041300,0.944711739
3472,1041600,0.944359188
3473,1041900,0.944006637
3474,1042200,0.943654087
3475,1042500,0.943301536
3476,1042800,0.942948985
3477,1043100,0.942596434
3478,1043400,0.942243884
3479,1043700,0.941891333
3480,1044000,0.941538782
3481,1044300,0.941186231
3482,1044600,0.940833681
3483,1044900,0.94048113
3484,1045200,0.940128579
3485,1045500,0.939776028
3486,1045800,0.939423478
3487,1046100,0.939070927
3488,1046400,0.938718376
3489,1046700,0.938365825
3490,1047000,0.938013275
3491,1047300,0.937660724
3492,1047600,0.937308173
3493,1047900,0.936955622
3494,1048200,0.936603072
3495,1048500,0.936250521
3496,1048800,0.93589797
3497,1049100,0.935545419
3498,1049400,0.935192869
3499,1049700,0.934840318
3500,1050000,0.934487767
3501,1050300,0.934135216
3502,1050600,0.933782666
3503,1050900,0.933430115
3504,1051200,0.933077564
3505,1051500,0.932725013
3506,1051800,0.932372463
3507,1052100,0.932019912
3508,1052400,0.931667361
3509,1052700,0.93131481
3510,1053000,0.93096226
3511,1053300,0.930609709
3512,1053600,0.930257158
3513,1053900,0.929904607
3514,1054200,0.929552057
3515,1054500,0.929199506
3516,1054800,0.928846955
3517,1055100,0.928494404
3518,1055400,0.928141854
3519,1055700,0.927789303
3520,1056000,0.927436752
3521,1056300,0.927084201
3522,1056600,0.926731651
3523,1056900,0.9263791
3524,1057200,0.926026549
3525,1057500,0.925673998
3526,1057800,0.925321448
3527,1058100,0.924968897
3528,1058400,0.924616346
3529,1058700,0.924263795
3530,1059000,0.923911245
3531,1059300,0.923558694
3532,1059600,0.923206143
3533,1059900,0.922853592
3534,1060200,0.922501042
3535,1060500,0.922148491
3536,1060800,0.92179594
3537,1061100,0.921443389
3538,1061400,0.921090839
3539,1061700,0.920738288
3540,1062000,0.920385737
3541,1062300,0.920033186
3542,1062600,0.919680636
3543,1062900,0.919328085
3544,1063200,0.918975534
3545,1063500,0.918622983
3546,1063800,0.918270433
3547,1064100,0.917917882
3548,1064400,0.917565331
3549,1064700,0.91721278
3550,1065000,0.91686023
3551,1065300,0.916507679
3552,1065600,0.916155128
3553,1065900,0.915802577
3554,1066200,0.915450027
3555,1066500,0.915097476
3556,1066800,0.914744925
3557,1067100,0.914392374
3558,1067400,0.914039824
3559,1067700,0.913687273
3560,1068000,0.913334722
3561,1068300,0.912982171
3562,1068600,0.912629621
3563,1068900,0.91227707
3564,1069200,0.911924519
3565,1069500,0.911571968
3566,1069800,0.911219418
3567,1070100,0.910866867
3568,1070400,0.910514316
3569,1070700,0.910161765
3570,1071000,0.909809215
3571,1071300,0.909456664
3572,1071600,0.909104113
3573,1071900,0.908751562
3574,1072200,0.908399012
3575,1072500,0.908046461
3576,1072800,0.90769391
3577,1073100,0.898307931
3578,1073400,0.895574109
3579,1073700,0.891579455
3580,1074000,0.889039749
3581,1074300,0.887407696
3582,1074600,0.887055145
3583,1074900,0.886702594
3584,1075200,0.886350044
3585,1075500,0.885997493
3586,1075800,0.885644942
3587,1076100,0.885292391
3588,1076400,0.884939841
3589,1076700,0.88458729
3590,1077000,0.884234739
3591,1077300,0.883882188
3592,1077600,0.883529638
3593,1077900,0.881737457
3594,1078200,0.873598457
3595,1078500,0.870402792
3596,1078800,0.866161976
3597,1079100,0.863522028
3598,1079400,0.862890873
3599,1079700,0.862538322
3600,1080000,0.862185771
3601,1080300,0.861833221
3602,1080600,0.86148067
3603,1080900,0.861128119
3604,1081200,0.860775568
3605,1081500,0.860423018
3606,1081800,0.860070467
3607,1082100,0.859717916
3608,1082400,0.859365365
3609,1082700,0.859012815
3610,1083000,0.8512383
3611,1083300,0.847508573
3612,1083600,0.843388827
3613,1083900,0.840602501
3614,1084200,0.8387266
3615,1084500,0.83837405
3616,1084800,0.838021499
3617,1085100,0.837668948
3618,1085400,0.837316397
3619,1085700,0.836963847
3620,1086000,0.836611296
3621,1086300,0.836258745
3622,1086600,0.835906194
3623,1086900,0.835553644
3624,1087200,0.835201093
3625,1087500,0.834848542
3626,1087800,0.832924662
3627,1088100,0.825059743
3628,1088400,0.822068299
3629,1088700,0.817500726
3630,1089000,0.814715326
3631,1089300,0.814209777
3632,1089600,0.813857227
3633,1089900,0.813504676
3634,1090200,0.813152125
3635,1090500,0.812799574
3636,1090800,0.812447024
3637,1091100,0.812094473
3638,1091400,0.811741922
3639,1091700,0.811389371
3640,1092000,0.811036821
3641,1092300,0.81068427
3642,1092600,0.810331719
3643,1092900,0.809979168
3644,1093200,0.809626618
3645,1093500,0.809274067
3646,1093800,0.808921516
3647,1094100,0.808568965
3648,1094400,0.808216415
3649,1094700,0.807863864
3650,1095000,0.807511313
3651,1095300,0.807158762
3652,1095600,0.806806212
3653,1095900,0.806453661
3654,1096200,0.80610111
3655,1096500,0.805748559
3656,1096800,0.805396009
3657,1097100,0.805043458
3658,1097400,0.804690907
3659,1097700,0.804338356
3660,1098000,0.803985806
3661,1098300,0.803633255
3662,1098600,0.803280704
3663,1098900,0.802928153
3664,1099200,0.802575603
3665,1099500,0.802223052
3666,1099800,0.801870501
3667,1100100,0.80151795
3668,1100400,0.8011654
3669,1100700,0.800812849
3670,1101000,0.800460298
3671,1101300,0.800107747
3672,1101600,0.799755197
3673,1101900,0.799402646
3674,1102200,0.799050095
3675,1102500,0.798697544
3676,1102800,0.798344994
3677,1103100,0.797992443
3678,1103400,0.797639892
3679,1103700,0.797287341
3680,1104000,0.796934791
3681,1104300,0.79658224
3682,1104600,0.796229689
3683,1104900,0.795877138
3684,1105200,0.795524587
3685,1105500,0.795172037
3686,1105800,0.794819486
3687,1106100,0.794466935
3688,1106400,0.794114384
3689,1106700,0.793761834
3690,1107000,0.793409283
3691,1107300,0.793056732
3692,1107600,0.792704181
3693,1107900,0.792351631
3694,1108200,0.79199908
3695,1108500,0.791646529
3696,1108800,0.791293978
3697,1109100,0.794597015
3698,1109400,0.797900052
3699,1109700,0.801203089
3700,1110000,0.804506126
3701,1110300,0.807809163
3702,1110600,0.8111122
3703,1110900,0.814415237
3704,1111200,0.817718274
3705,1111500,0.821021311
3706,1111800,0.824324347
3707,1112100,0.827627384
3708,1112400,0.830930421
3709,1112700,0.834233458
3710,1113000,0.837536495
3711,1113300,0.840839532
3712,1113600,0.844142569
3713,1113900,0.847445606
3714,1114200,0.850748643
3715,1114500,0.854051679
3716,1114800,0.857354716
3717,1115100,0.860657753
3718,1115400,0.86396079
3719,1115700,0.867263827
3720,1116000,0.870566864
3721,1116300,0.873869901
3722,1116600,0.877172938
3723,1116900,0.880475975
3724,1117200,0.883779012
3725,1117500,0.887082048
3726,1117800,0.890385085
3727,1118100,0.893688122
3728,1118400,0.896991159
3729,1118700,0.900294196
3730,1119000,0.903597233
3731,1119300,0.90690027
3732,1119600,0.910203307
3733,1119900,0.913506344
3734,1120200,0.916809381
3735,1120500,0.920112417
3736,1120800,0.923415454
3737,1121100,0.926718491
3738,1121400,0.930021528
3739,1121700,0.933324565
3740,1122000,0.936627602
3741,1122300,0.939930639
3742,1122600,0.943233676
3743,1122900,0.946536713
3744,1123200,0.95
3745,1123500,0.949647449
3746,1123800,0.949294899
3747,1124100,0.948942348
3748,1124400,0.948589797
3749,1124700,0.948237246
3750,1125000,0.947884696
3751,1125300,0.947532145
3752,1125600,0.947179594
3753,1125900,0.946827043
3754,1126200,0.946474493
3755,1126500,0.946121942
3756,1126800,0.945769391
3757,1127100,0.94541684
3758,1127400,0.94506429
3759,1127700,0.944711739
3760,1128000,0.944359188
3761,1128300,0.944006637
3762,1128600,0.943654087
3763,1128900,0.943301536
3764,1129200,0.942948985
3765,1129500,0.942596434
3766,1129800,0.942243884
3767,1130100,0.941891333
3768,1130400,0.941538782
3769,1130700,0.941186231
3770,1131000,0.940833681
3771,1131300,0.94048113
3772,1131600,0.940128579
3773,1131900,0.939776028
3774,1132200,0.939423478
3775,1132500,0.939070927
3776,1132800,0.938718376
3777,1133100,0.938365825
3778,1133400,0.938013275
3779,1133700,0.937660724
3780,1134000,0.937308173
3781,1134300,0.936955622
3782,1134600,0.936603072
3783,1134900,0.936250521
3784,1135200,0.93589797
3785,1135500,0.935545419
3786,1135800,0.935192869
3787,1136100,0.934840318
3788,1136400,0.934487767
3789,1136700,0.934135216
3790,1137000,0.933782666
3791,1137300,0.933430115
3792,1137600,0.933077564
3793,1137900,0.932725013
3794,1138200,0.932372463
3795,1138500,0.932019912
3796,1138800,0.931667361
3797,1139100,0.93131481
3798,1139400,0.93096226
3799,1139700,0.930609709
3800,1140000,0.930257158
3801,1140300,0.929904607
3802,1140600,0.929552057
3803,1140900,0.929199506
3804,1141200,0.928846955
3805,1141500,0.928494404
3806,1141800,0.928141854
3807,1142100,0.927789303
3808,1142400,0.927436752
3809,1142700,0.927084201
3810,1143000,0.926731651
3811,1143300,0.9263791
3812,1143600,0.926026549
3813,1143900,0.925673998
3814,1144200,0.925321448
3815,1144500,0.924968897
3816,1144800,0.924616346
3817,1145100,0.924263795
3818,1145400,0.923911245
3819,1145700,0.923558694
3820,1146000,0.923206143
3821,1146300,0.922853592
3822,1146600,0.922501042
3823,1146900,0.922148491
3824,1147200,0.92179594
3825,1147500,0.921443389
3826,1147800,0.921090839
3827,1148100,0.920738288
3828,1148400,0.920385737
3829,1148700,0.910999758
3830,1149000,0.908265936
3831,1149300,0.904271282
3832,1149600,0.901731576
3833,1149900,0.898659893
3834,1150200,0.890520893
3835,1150500,0.887325228
3836,1150800,0.883084413
3837,1151100,0.880444465
3838,1151400,0.872391345
3839,1151700,0.868661618
3840,1152000,0.864541872
3841,1152300,0.861755546
3842,1152600,0.858308316
3843,1152900,0.850443397
3844,1153200,0.847451953
3845,1153500,0.84288438
3846,1153800,0.84009898
3847,1154100,0.834760854
3848,1154400,0.828650636
3849,1154700,0.82478885
3850,1155000,0.82151598
3851,1155300,0.818969453
3852,1155600,0.811291566
3853,1155900,0.807482428
3854,1156200,0.803171981
3855,1156500,0.800653322
3856,1156800,0.799373554
3857,1157100,0.799021003
3858,1157400,0.798668453
3859,1157700,0.798315902
3860,1158000,0.797963351
3861,1158300,0.7976108
3862,1158600,0.79725825
3863,1158900,0.796905699
3864,1159200,0.796553148
3865,1159500,0.796200597
3866,1159800,0.795848047
3867,1160100,0.795495496
3868,1160400,0.795142945
3869,1160700,0.794790394
3870,1161000,0.794437844
3871,1161300,0.794085293
3872,1161600,0.793732742
3873,1161900,0.793380191
3874,1162200,0.79302764
3875,1162500,0.79267509
3876,1162800,0.792322539
3877,1163100,0.791969988
3878,1163400,0.791617437
3879,1163700,0.791264887
3880,1164000,0.790912336
3881,1164300,0.790559785
3882,1164600,0.790207234
3883,1164900,0.789854684
3884,1165200,0.789502133
3885,1165500,0.789149582
3886,1165800,0.788797031
3887,1166100,0.788444481
3888,1166400,0.78809193
3889,1166700,0.787739379
3890,1167000,0.787386828
3891,1167300,0.787034278
3892,1167600,0.786681727
3893,1167900,0.786329176
3894,1168200,0.785976625
3895,1168500,0.785624075
3896,1168800,0.785271524
3897,1169100,0.784918973
3898,1169400,0.784566422
3899,1169700,0.784213872
3900,1170000,0.783861321
3901,1170300,0.78350877
3902,1170600,0.783156219
3903,1170900,0.782803669
3904,1171200,0.782451118
3905,1171500,0.782098567
3906,1171800,0.781746016
3907,1172100,0.781393466
3908,1172400,0.781040915
3909,1172700,0.780688364
3910,1173000,0.780335813
3911,1173300,0.779983263
3912,1173600,0.779630712
3913,1173900,0.779278161
3914,1174200,0.77892561
3915,1174500,0.77857306
3916,1174800,0.778220509
3917,1175100,0.777867958
3918,1175400,0.777515407
3919,1175700,0.777162857
3920,1176000,0.776810306
3921,1176300,0.776457755
3922,1176600,0.776105204
3923,1176900,0.775752654
3924,1177200,0.775400103
3925,1177500,0.775047552
3926,1177800,0.774695001
3927,1178100,0.774342451
3928,1178400,0.7739899
3929,1178700,0.773637349
3930,1179000,0.773284798
3931,1179300,0.772932248
3932,1179600,0.772579697
3933,1179900,0.772227146
3934,1180200,0.771874595
3935,1180500,0.771522045
3936,1180800,0.771169494
3937,1181100,0.770816943
3938,1181400,0.770464392
3939,1181700,0.770111842
3940,1182000,0.769759291
3941,1182300,0.76940674
3942,1182600,0.769054189
3943,1182900,0.768701639
3944,1183200,0.768349088
3945,1183500,0.767996537
3946,1183800,0.767643986
3947,1184100,0.767291436
3948,1184400,0.766938885
3949,1184700,0.766586334
3950,1185000,0.766233783
3951,1185300,0.765881233
3952,1185600,0.763364701
3953,1185900,0.75433934
3954,1186200,0.751598057
3955,1186500,0.747906488
3956,1186800,0.745595019
3957,1187100,0.736560051
3958,1187400,0.733166559
3959,1187700,0.729411491
3960,1188000,0.726722392
3961,1188300,0.723869174
3962,1188600,0.715730174
3963,1188900,0.711944037
3964,1189200,0.708293694
3965,1189500,0.705592412
3966,1189800,0.697324464
3967,1190100,0.693829922
3968,1190400,0.689770265
3969,1190700,0.686936982
3970,1191000,0.683371905
3971,1191300,0.675891214
3972,1191600,0.672487153
3973,1191900,0.667914242
3974,1192200,0.665008892
3975,1192500,0.664802713
3976,1192800,0.664450162
3977,1193100,0.664097611
3978,1193400,0.663745061
3979,1193700,0.66339251
3980,1194000,0.663039959
3981,1194300,0.662687408
3982,1194600,0.662334858
3983,1194900,0.661982307
3984,1195200,0.661629756
3985,1195500,0.667634319
3986,1195800,0.673638881
3987,1196100,0.679643444
3988,1196400,0.685648006
3989,1196700,0.691652568
3990,1197000,0.697657131
3991,1197300,0.703661693
3992,1197600,0.709666256
3993,1197900,0.715670818
3994,1198200,0.721675381
3995,1198500,0.727679943
3996,1198800,0.733684506
3997,1199100,0.739689068
3998,1199400,0.745693631
3999,1199700,0.751698193
4000,1200000,0.757702756
4001,1200300,0.763707318
4002,1200600,0.769711881
4003,1200900,0.775716443
4004,1201200,0.781721005
4005,1201500,0.787725568
4006,1201800,0.79373013
4007,1202100,0.799734693
4008,1202400,0.805739255
4009,1202700,0.811743818
4010,1203000,0.81774838
4011,1203300,0.823752943
4012,1203600,0.829757505
4013,1203900,0.835762068
4014,1204200,0.84176663
4015,1204500,0.847771193
4016,1204800,0.853775755
4017,1205100,0.859780318
4018,1205400,0.86578488
4019,1205700,0.871789442
4020,1206000,0.877794005
4021,1206300,0.883798567
4022,1206600,0.88980313
4023,1206900,0.895807692
4024,1207200,0.901812255
4025,1207500,0.907816817
4026,1207800,0.91382138
4027,1208100,0.919825942
4028,1208400,0.925830505
4029,1208700,0.931835067
4030,1209000,0.93783963
4031,1209300,0.943844192
4032,1209600,0.95
4033,1209900,0.931914894
4034,1210200,0.913829787
4035,1210500,0.895744681
4036,1210800,0.877659574
4037,1211100,0.859574468
4038,1211400,0.841489362
4039,1211700,0.823404255
4040,1212000,0.805319149
4041,1212300,0.787234043
4042,1212600,0.769148936
4043,1212900,0.75106383
4044,1213200,0.732978723
4045,1213500,0.714893617
4046,1213800,0.696808511
4047,1214100,0.678723404
4048,1214400,0.660638298
4049,1214700,0.642553191
4050,1215000,0.624468085
4051,1215300,0.606382979
4052,1215600,0.588297872
4053,1215900,0.570212766
4054,1216200,0.55212766
4055,1216500,0.534042553
4056,1216800,0.515957447
4057,1217100,0.49787234
4058,1217400,0.479787234
4059,1217700,0.461702128
4060,1218000,0.443617021
4061,1218300,0.425531915
4062,1218600,0.407446809
4063,1218900,0.389361702
4064,1219200,0.371276596
4065,1219500,0.353191489
4066,1219800,0.335106383
4067,1220100,0.317021277
4068,1220400,0.29893617
4069,1220700,0.280851064
4070,1221000,0.262765957
4071,1221300,0.244680851
4072,1221600,0.226595745
4073,1221900,0.208510638
4074,1222200,0.190425532
4075,1222500,0.172340426
4076,1222800,0.154255319
4077,1223100,0.136170213
4078,1223400,0.118085106
4079,1223700,0.1
4080,1224000,0.1
4081,1224300,0.154545455
4082,1224600,0.209090909
4083,1224900,0.263636364
4084,1225200,0.318181818
4085,1225500,0.372727273
4086,1225800,0.427272727
4087,1226100,0.481818182
4088,1226400,0.536363636
4089,1226700,0.590909091
4090,1227000,0.645454545
4091,1227300,0.7
4092,1227600,0.7
4093,1227900,0.686956522
4094,1228200,0.673913043
4095,1228500,0.660869565
4096,1228800,0.647826087
4097,1229100,0.634782609
4098,1229400,0.62173913
4099,1229700,0.608695652
4100,1230000,0.595652174
4101,1230300,0.582608696
4102,1230600,0.569565217
4103,1230900,0.556521739
4104,1231200,0.543478261
4105,1231500,0.530434783
4106,1231800,0.517391304
4107,1232100,0.504347826
4108,1232400,0.491304348
4109,1232700,0.47826087
4110,1233000,0.465217391
4111,1233300,0.452173913
4112,1233600,0.439130435
4113,1233900,0.426086957
4114,1234200,0.413043478
4115,1234500,0.4
4116,1234800,0.4
4117,1235100,0.411702128
4118,1235400,0.423404255
4119,1235700,0.435106383
4120,1236000,0.446808511
4121,1236300,0.458510638
4122,1236600,0.470212766
4123,1236900,0.481914894
4124,1237200,0.493617021
4125,1237500,0.505319149
4126,1237800,0.517021277
4127,1238100,0.528723404
4128,1238400,0.540425532
4129,1238700,0.55212766
4130,1239000,0.563829787
4131,1239300,0.575531915
4132,1239600,0.587234043
4133,1239900,0.59893617
4134,1240200,0.610638298
4135,1240500,0.622340426
4136,1240800,0.634042553
4137,1241100,0.645744681
4138,1241400,0.657446809
4139,1241700,0.669148936
4140,1242000,0.680851064
4141,1242300,0.692553191
4142,1242600,0.704255319
4143,1242900,0.715957447
4144,1243200,0.727659574
4145,1243500,0.739361702
4146,1243800,0.75106383
4147,1244100,0.762765957
4148,1244400,0.774468085
4149,1244700,0.786170213
4150,1245000,0.79787234
4151,1245300,0.809574468
4152,1245600,0.821276596
4153,1245900,0.832978723
4154,1246200,0.844680851
4155,1246500,0.856382979
4156,1246800,0.868085106
4157,1247100,0.879787234
4158,1247400,0.891489362
4159,1247700,0.903191489
4160,1248000,0.914893617
4161,1248300,0.926595745
4162,1248600,0.938297872
4163,1248900,0.95
