t_hours,T_degC
0,19.4
1,18.9
2,18.9
3,18.9
4,19.4
5,18.9
6,18.9
7,19.4
8,22.8
9,25
10,26.7
11,26.1
12,27.2
13,26.1
14,26.1
15,25.6
16,25
17,23.9
18,23.3
19,22.8
20,22.8
21,23.3
22,22.2
23,20.6
24,20
25,19.4
26,18.9
27,18.9
28,18.3
29,19.4
30,18.9
31,20
32,20.6
33,24.4
34,26.1
35,27.2
36,27.2
37,28.9
38,28.9
39,25.6
40,25
41,23.9
42,23.3
43,22.2
44,22.2
45,22.2
46,20.6
47,20
48,20
49,20
50,20
51,20
52,20
53,20
54,20
55,20.6
56,23.3
57,25
58,26.1
59,26.1
60,26.1
61,26.7
62,26.7
63,26.7
64,25
65,23.9
66,23.3
67,22.8
68,22.8
69,22.2
70,21.7
71,20.6
72,20.6
73,20
74,20
75,20.6
76,20.6
77,19.4
78,19.4
79,20
80,21.7
81,23.3
82,24.4
83,25.6
84,25.6
85,25.6
86,25
87,23.9
88,22.2
89,20.6
90,18.9
91,18.3
92,18.3
93,18.9
94,18.9
95,18.9
96,18.9
97,17.8
98,17.8
99,17.2
100,16.7
101,16.7
102,16.7
103,16.7
104,17.2
105,19.4
106,20.6
107,22.8
108,22.8
109,23.9
110,22.8
111,22.2
112,22.2
113,21.7
114,22.2
115,22.2
116,22.2
117,21.7
118,21.7
119,21.7
120,21.7
121,21.7
122,21.7
123,22.2
124,22.2
125,22.8
126,22.8
127,23.3
128,23.9
129,25
130,25.6
131,25.6
132,25.6
133,26.7
134,26.1
135,26.1
136,25
137,24.4
138,24.4
139,24.4
140,24.4
141,24.4
142,23.9
143,24.4
144,23.9
145,23.9
146,21.7
147,22.2
148,22.2
149,22.8
150,22.8
151,22.8
152,23.9
153,25.6
154,26.7
155,27.8
156,28.3
157,27.8
158,27.8
159,20
160,20
161,20.6
162,21.1
163,21.1
164,21.1
165,21.7
166,20.6
167,21.1
168,20.6
169,18.9
170,17.8
171,17.2
172,17.2
173,16.1
174,15.6
175,15.6
176,16.7
177,17.2
178,17.8
179,18.9
180,19.4
181,20.6
182,21.1
183,21.1
184,20
185,17.8
186,17.2
187,16.7
188,15.6
189,15
190,13.9
191,13.9
192,13.9
193,13.3
194,13.3
195,13.3
196,12.8
197,11.7
198,12.2
199,13.3
200,15
201,16.7
202,18.3
203,20
204,21.1
205,21.1
206,21.1
207,21.7
208,20.6
209,18.9
210,17.8
211,16.7
212,15.6
213,15
214,14.4
215,14.4
216,13.9
217,13.3
218,13.3
219,13.3
220,13.3
221,12.8
222,12.8
223,14.4
224,16.7
225,18.3
226,20.6
227,22.2
228,22.8
229,22.2
230,22.2
231,22.8
232,21.7
233,21.1
234,20
235,20
236,18.9
237,17.8
238,16.7
239,16.1
240,15.6
241,15
242,15
243,14.4
244,14.4
245,14.4
246,14.4
247,15.6
248,18.9
249,21.7
250,23.9
251,23.9
252,22.8
253,23.9
254,22.8
255,22.8
256,22.2
257,22.2
258,21.7
259,20.6
260,20.6
261,21.1
262,20.6
263,17.8
264,17.2
265,16.1
266,16.1
267,17.2
268,16.7
269,16.1
270,16.7
271,19.4
272,22.8
273,23.9
274,24.4
275,26.1
276,25.6
277,25.6
278,25
279,24.4
280,23.9
281,23.9
282,23.9
283,23.3
284,22.8
285,22.2
286,22.2
287,22.2
288,22.2
289,21.7
290,22.2
291,22.2
292,21.7
293,22.2
294,21.7
295,22.8
296,24.4
297,25.6
298,26.1
299,26.7
300,25.6
301,25.6
302,25.6
303,25
304,24.4
305,23.9
306,24.4
307,24.4
308,24.4
309,24.4
310,23.9
311,23.9
312,23.9
313,23.9
314,23.9
315,23.9
316,23.9
317,23.9
318,22.2
319,20.6
320,23.9
321,24.4
322,23.3
323,24.4
324,25
325,18.3
326,18.9
327,18.9
328,18.3
329,18.3
330,20
331,20.6
332,20.6
333,19.4
334,20.6
335,21.7
336,21.7
337,21.1
338,21.1
339,19.4
340,19.4
341,18.9
342,18.9
343,18.3
344,20
345,21.7
346,23.3
347,25
348,25
349,25.6
350,25.6
351,25
352,23.3
353,18.3
354,18.3
355,17.8
356,18.3
357,17.8
358,18.3
359,17.8
360,18.3
361,17.8
362,17.2
363,16.7
364,16.1
365,15.6
366,15.6
367,16.1
368,18.3
369,18.9
370,20.6
371,20.6
372,21.7
373,21.7
374,21.7
375,21.7
376,21.1
377,20
378,18.9
379,18.3
380,17.8
381,17.2
382,16.1
383,15.6
384,15
385,14.4
386,13.9
387,13.9
388,13.3
389,12.8
390,13.3
391,12.8
392,13.9
393,16.1
394,17.8
395,19.4
396,20
397,21.7
398,22.2
399,22.2
400,21.7
401,19.4
402,18.9
403,17.8
404,17.8
405,16.7
406,16.1
407,15.6
408,15.6
409,15.6
410,15
411,15
412,15
413,15
414,15
415,15.6
416,17.8
417,20
418,21.1
419,22.2
420,23.3
421,23.3
422,23.3
423,23.3
424,22.8
425,22.2
426,22.8
427,21.7
428,21.7
429,22.2
430,21.7
431,21.1
432,21.1
433,20
434,18.9
435,18.9
436,18.9
437,18.3
438,18.3
439,20
440,21.1
441,22.8
442,22.8
443,23.3
444,24.4
445,25
446,25
447,25.6
448,24.4
449,23.3
450,22.8
451,21.7
452,21.1
453,21.1
454,20.6
455,20
456,20
457,20
458,18.3
459,17.8
460,17.2
461,16.1
462,15
463,14.4
464,15
465,16.1
466,17.2
467,17.8
468,18.3
469,18.9
470,19.4
471,18.9
472,18.9
473,17.8
474,17.2
475,17.2
476,16.7
477,16.1
478,15.6
479,15.6
480,15
481,14.4
482,13.9
483,13.9
484,12.8
485,13.9
486,13.9
487,14.4
488,16.1
489,18.3
490,18.9
491,18.9
492,20
493,18.9
494,19.4
495,19.4
496,18.9
497,17.8
498,17.2
499,18.3
500,17.8
501,17.2
502,16.7
503,15.6
504,15
505,13.9
506,13.3
507,13.3
508,12.8
509,12.8
510,12.8
511,13.3
512,14.4
513,15.6
514,15.6
515,16.7
516,17.8
517,19.4
518,20.6
519,20
520,20.6
521,19.4
522,17.2
523,16.7
524,16.1
525,15
526,15
527,15
528,14.4
529,12.8
530,12.8
531,12.2
532,12.2
533,13.3
534,13.3
535,15
536,18.9
537,22.8
538,23.9
539,24.4
540,26.1
541,26.1
542,25.6
543,26.7
544,26.7
545,24.4
546,23.3
547,22.2
548,22.2
549,21.1
550,20.6
551,19.4
552,17.2
553,15.6
554,14.4
555,13.3
556,12.8
557,12.2
558,11.7
559,12.2
560,11.7
561,12.8
562,13.3
563,14.4
564,15
565,15
566,16.7
567,16.7
568,16.7
569,15
570,13.9
571,12.8
572,12.2
573,11.7
574,11.1
575,10.6
576,10.6
577,10
578,10
579,10
580,9.4
581,9.4
582,9.4
583,10
584,11.1
585,13.9
586,16.1
587,16.7
588,17.8
589,18.9
590,17.8
591,17.8
592,17.8
593,16.7
594,15.6
595,14.4
596,13.9
597,12.8
598,12.2
599,12.2
600,12.2
601,12.2
602,11.7
603,11.1
604,11.1
605,10.6
606,10.6
607,11.1
608,13.3
609,16.1
610,17.8
611,18.9
612,20
613,21.1
614,21.1
615,20.6
616,20
617,18.9
618,17.8
619,17.2
620,16.7
621,16.1
622,16.1
623,15
624,14.4
625,14.4
626,14.4
627,14.4
628,13.9
629,12.2
630,12.2
631,13.3
632,16.1
633,18.3
634,21.7
635,22.8
636,22.2
637,22.2
638,22.8
639,22.2
640,21.1
641,21.1
642,21.1
643,20
644,19.4
645,19.4
646,19.4
647,18.9
648,18.9
649,17.8
650,18.3
651,17.8
652,17.8
653,16.1
654,17.8
655,18.3
656,21.7
657,23.9
658,25.6
659,24.4
660,24.4
661,25
662,24.4
663,24.4
664,23.9
665,23.3
666,22.2
667,21.7
668,21.1
669,21.1
670,21.1
671,20.6
672,20
673,19.4
674,19.4
675,19.4
676,19.4
677,19.4
678,18.9
679,19.4
680,22.8
681,25.6
682,26.1
683,27.2
684,27.2
685,27.2
686,26.1
687,26.1
688,25.6
689,24.4
690,23.9
691,23.9
692,23.3
693,23.3
694,22.8
695,22.8
696,22.2
697,22.2
698,21.7
699,21.7
700,21.1
701,20
702,21.1
703,21.1
704,21.7
705,21.7
706,21.7
707,21.7
708,21.7
709,16.7
710,16.1
711,15
712,14.4
713,15
714,15
715,15.6
716,15
717,15
718,15
719,15
720,14.4
721,13.9
722,13.3
723,13.3
724,12.8
725,12.2
726,12.2
727,12.2
728,13.9
729,13.9
730,15
731,16.7
732,17.2
733,17.2
734,17.2
735,17.2
736,16.7
737,16.1
738,14.4
739,13.9
740,13.9
741,14.8
742,15.6
743,16.5
744,17.4
745,18.3
746,19.1
747,20
748,20
749,20
750,20
751,20.6
752,22.2
753,23.3
754,23.9
755,25
756,25
757,24.4
758,23.9
759,23.9
760,23.3
761,22.8
762,22.2
763,22.2
764,22.2
765,22.2
766,22.8
767,22.8
768,22.8
769,22.8
770,22.8
771,22.8
772,22.8
773,22.8
774,22.8
775,23.3
776,23.9
777,25
778,26.1
779,27.2
780,27.8
781,28.3
782,26.7
783,22.8
784,20
785,18.3
786,16.7
787,16.1
788,16.1
789,16.1
790,15.6
791,14.4
792,13.9
793,13.3
794,12.8
795,12.2
796,11.7
797,11.1
798,10.6
799,10.6
800,11.7
801,12.2
802,13.3
803,14.4
804,15.6
805,16.7
806,15.6
807,16.7
808,15
809,14.4
810,13.3
811,11.7
812,11.1
813,10.6
814,10
815,9.4
816,8.9
817,8.3
818,7.8
819,7.2
820,6.1
821,5.6
822,5
823,6.7
824,10
825,12.8
826,15.6
827,17.8
828,18.9
829,19.4
830,20
831,19.4
832,18.9
833,17.8
834,16.1
835,15
836,14.4
837,13.3
838,12.2
839,11.1
840,11.1
841,11.1
842,10.6
843,11.1
844,11.1
845,11.1
846,11.1
847,12.2
848,15
849,17.2
850,19.4
851,20.6
852,21.1
853,21.7
854,21.1
855,21.1
856,20
857,19.4
858,18.9
859,18.9
860,18.9
861,18.9
862,18.9
863,18.3
864,17.8
865,17.8
866,17.8
867,17.2
868,17.8
869,18.3
870,18.3
871,19.4
872,21.1
873,22.2
874,22.8
875,22.2
876,22.2
877,22.2
878,22.2
879,22.2
880,22.8
881,22.2
882,21.7
883,21.1
884,21.1
885,20
886,20.6
887,20
888,20
889,20.6
890,20.6
891,20
892,19.4
893,18.3
894,17.2
895,18.9
896,22.8
897,23.9
898,25
899,25.6
900,26.1
901,26.7
902,26.1
903,26.1
904,25.6
905,23.9
906,22.8
907,22.2
908,21.7
909,21.1
910,21.1
911,20.6
912,20
913,20
914,20
915,19.4
916,19.4
917,19.4
918,20
919,21.1
920,22.8
921,25.6
922,26.1
923,27.2
924,27.8
925,27.8
926,27.2
927,27.2
928,25
929,20.6
930,20.6
931,20
932,20.6
933,20
934,20
935,19.4
936,19.4
937,18.9
938,18.9
939,18.9
940,18.3
941,17.8
942,18.9
943,18.3
944,18.3
945,19.4
946,22.2
947,23.9
948,26.1
949,26.1
950,26.1
951,26.1
952,24.4
953,23.9
954,22.8
955,22.8
956,22.8
957,22.2
958,22.2
959,22.2
960,22.2
961,22.2
962,22.8
963,22.2
964,22.2
965,22.2
966,22.2
967,22.8
968,23.3
969,24.4
970,24.4
971,25
972,25.6
973,26.1
974,26.7
975,26.1
976,25.6
977,25.6
978,23.9
979,23.9
980,23.9
981,23.9
982,23.9
983,23.9
984,23.9
985,23.3
986,23.3
987,23.3
988,23.9
989,23.9
990,23.9
991,24.4
992,25
993,26.1
994,27.2
995,27.8
996,28.3
997,29.4
998,28.3
999,27.8
1000,27.2
1001,26.1
1002,23.3
1003,23.9
1004,22.2
1005,21.7
1006,21.1
1007,20.6
1008,20
1009,19.4
1010,18.9
1011,18.3
1012,18.3
1013,17.8
1014,17.8
1015,18.3
1016,18.3
1017,18.9
1018,19.4
1019,20
1020,21.1
1021,20.6
1022,20.6
1023,20.6
1024,20.6
1025,20.6
1026,20
1027,20.6
1028,21.1
1029,20.6
1030,20.6
1031,20.6
1032,20.6
1033,20.6
1034,20.6
1035,20.6
1036,20
1037,20.6
1038,20.6
1039,21.7
1040,22.8
1041,23.3
1042,24.4
1043,25
1044,26.1
1045,24.4
1046,23.3
1047,22.2
1048,22.8
1049,22.2
1050,21.7
1051,21.7
1052,22.2
1053,22.2
1054,22.2
1055,22.2
1056,21.7
1057,21.7
1058,21.7
1059,21.7
1060,21.7
1061,21.7
1062,21.1
1063,22.2
1064,23.9
1065,23.9
1066,25
1067,24.4
1068,25.6
1069,26.1
1070,23.3
1071,24.4
1072,23.9
1073,23.3
1074,22.8
1075,22.8
1076,22.8
1077,22.8
1078,22.8
1079,22.2
1080,21.7
1081,22.2
1082,20.6
1083,20.6
1084,20.6
1085,20.6
1086,21.1
1087,22.2
1088,23.3
1089,24.4
1090,24.4
1091,25
1092,25
1093,25
1094,24.4
1095,25
1096,23.9
1097,23.9
1098,22.8
1099,22.8
1100,22.8
1101,22.8
1102,22.8
1103,22.2
1104,22.8
1105,22.8
1106,22.2
1107,22.8
1108,22.2
1109,22.2
1110,22.2
1111,22.8
1112,23.9
1113,25
1114,25.6
1115,25.6
1116,26.7
1117,26.1
1118,26.1
1119,25.6
1120,24.4
1121,23.9
1122,23.3
1123,23.3
1124,23.9
1125,23.3
1126,23.3
1127,22.8
1128,22.8
1129,22.8
1130,22.8
1131,22.8
1132,22.8
1133,22.8
1134,22.8
1135,23.3
1136,24.4
1137,25.6
1138,26.7
1139,26.7
1140,26.7
1141,26.7
1142,26.7
1143,26.7
1144,25
1145,24.4
1146,24.4
1147,23.9
1148,23.9
1149,23.9
1150,23.9
1151,23.9
1152,23.3
1153,23.9
1154,23.9
1155,23.9
1156,23.3
1157,23.3
1158,23.9
1159,23.3
1160,23.9
1161,24.4
1162,25
1163,24.4
1164,23.3
1165,23.3
1166,23.3
1167,23.3
1168,23.3
1169,23.3
1170,23.3
1171,23.3
1172,22.8
1173,23.3
1174,23.3
1175,23.3
1176,23.3
1177,23.3
1178,23.3
1179,22.8
1180,21.7
1181,21.7
1182,21.1
1183,21.1
1184,21.1
1185,21.7
1186,21.7
1187,24.4
1188,26.1
1189,27.2
1190,27.2
1191,27.2
1192,26.7
1193,25
1194,23.9
1195,23.3
1196,22.8
1197,21.1
1198,21.1
1199,20.6
1200,19.4
1201,19.4
1202,18.9
1203,17.8
1204,16.7
1205,16.1
1206,15.6
1207,15.6
1208,18.3
1209,20.6
1210,21.7
1211,23.9
1212,24.4
1213,26.1
1214,26.7
1215,26.7
1216,26.7
1217,25
1218,23.3
1219,21.7
1220,20
1221,19.4
1222,18.9
1223,18.3
1224,17.8
1225,17.2
1226,17.2
1227,17.2
1228,16.7
1229,15.6
1230,15.6
1231,15.6
1232,16.7
1233,19.4
1234,21.7
1235,23.3
1236,24.4
1237,25.6
1238,26.1
1239,26.1
1240,25.6
1241,24.4
1242,22.2
1243,20.6
1244,18.9
1245,18.3
1246,16.7
1247,16.1
1248,15.6
1249,15
1250,13.3
1251,12.8
1252,12.2
1253,11.7
1254,11.7
1255,12.8
1256,17.2
1257,21.1
1258,23.3
1259,25.6
1260,27.2
1261,27.2
1262,27.8
1263,27.8
1264,25.6
1265,23.9
1266,22.8
1267,21.7
1268,20.6
1269,19.4
1270,18.3
1271,18.3
1272,16.7
1273,16.1
1274,15
1275,15
1276,15.6
1277,15
1278,14.4
1279,16.1
1280,20.6
1281,22.8
1282,24.4
1283,26.1
1284,25.6
1285,26.1
1286,26.7
1287,25.6
1288,24.4
1289,23.3
1290,21.7
1291,19.4
1292,17.2
1293,16.1
1294,16.1
1295,15
1296,13.9
1297,11.7
1298,11.7
1299,12.8
1300,12.2
1301,12.8
1302,11.7
1303,12.8
1304,17.8
1305,20
1306,21.7
1307,22.2
1308,23.3
1309,24.4
1310,24.4
1311,25
1312,25
1313,23.3
1314,21.7
1315,20.6
1316,19.4
1317,16.1
1318,15.6
1319,15.6
1320,15.6
1321,13.9
1322,12.8
1323,12.2
1324,11.7
1325,10
1326,11.1
1327,12.8
1328,16.1
1329,18.9
1330,22.2
1331,23.9
1332,24.4
1333,25
1334,24.4
1335,24.4
1336,23.9
1337,22.8
1338,21.7
1339,21.7
1340,21.1
1341,20.6
1342,19.4
1343,16.7
1344,16.1
1345,15.6
1346,16.1
1347,15.6
1348,15
1349,15
1350,13.9
1351,15.6
1352,19.4
1353,22.2
1354,23.9
1355,23.9
1356,25
1357,25.6
1358,25.6
1359,25
1360,25
1361,24.4
1362,23.3
1363,21.7
1364,21.1
1365,20.6
1366,20.6
1367,17.2
1368,17.2
1369,16.7
1370,15.6
1371,15.6
1372,15.6
1373,15.6
1374,15
1375,16.7
1376,20
1377,22.2
1378,24.4
1379,25.6
1380,26.7
1381,26.1
1382,26.1
1383,26.1
1384,26.1
1385,23.9
1386,22.8
1387,22.2
1388,22.2
1389,21.7
1390,20.6
1391,18.9
1392,18.3
1393,17.2
1394,15.6
1395,16.7
1396,16.7
1397,16.7
1398,17.8
1399,19.4
1400,23.3
1401,24.4
1402,24.4
1403,25.6
1404,25.6
1405,25
1406,25.6
1407,25
1408,24.4
1409,23.3
1410,21.7
1411,21.1
1412,20.6
1413,19.6
1414,18.5
1415,17.5
1416,16.4
1417,15.4
1418,14.3
1419,13.3
1420,13.3
1421,12.8
1422,12.8
1423,14.4
1424,17.2
1425,19.4
1426,20
1427,22.8
1428,23.3
1429,23.3
1430,24.4
1431,25
1432,24.4
1433,23.3
1434,21.1
1435,20.6
1436,19.4
1437,17.8
1438,16.7
1439,17.8
1440,16.7
1441,15
1442,15
1443,15
1444,14.4
1445,15
1446,15
1447,16.1
1448,22.2
1449,23.9
1450,24.4
1451,24.4
1452,25
1453,25.6
1454,24.4
1455,23.3
1456,23.3
1457,22.2
1458,21.7
1459,21.1
1460,21.1
1461,20.6
1462,21.1
1463,20.6
1464,20.6
1465,20.6
1466,20.6
1467,20.6
1468,21.1
1469,21.1
1470,21.1
1471,22.2
1472,23.9
1473,24.4
1474,25
1475,26.1
1476,26.1
1477,25.6
1478,25.6
1479,25.6
1480,24.4
1481,24.4
1482,23.9
1483,23.3
1484,23.3
1485,23.3
1486,23.3
1487,23.3
1488,23.3
1489,23.3
1490,22.8
1491,22.8
1492,22.8
1493,22.8
1494,22.8
1495,23.9
1496,24.4
1497,25.6
1498,26.7
1499,27.2
1500,26.7
1501,27.8
1502,27.8
1503,27.8
1504,26.1
1505,25.6
1506,23.9
1507,23.9
1508,23.3
1509,23.3
1510,23.3
1511,23.3
1512,22.8
1513,22.8
1514,22.8
1515,23.3
1516,23.3
1517,22.8
1518,22.8
1519,23.9
1520,24.4
1521,25
1522,26.7
1523,28.3
1524,27.8
1525,28.3
1526,27.8
1527,27.2
1528,26.7
1529,25
1530,24.4
1531,23.9
1532,23.9
1533,23.3
1534,23.3
1535,22.8
1536,22.2
1537,22.8
1538,22.8
1539,22.2
1540,22.8
1541,22.8
1542,22.8
1543,23.3
1544,23.9
1545,24.4
1546,25
1547,24.4
1548,23.9
1549,25
1550,24.4
1551,25.6
1552,25
1553,23.3
1554,22.8
1555,22.8
1556,22.8
1557,22.2
1558,22.2
1559,21.7
1560,21.1
1561,21.1
1562,20.6
1563,20.6
1564,20.6
1565,20
1566,20
1567,20.6
1568,21.1
1569,22.2
1570,22.8
1571,22.8
1572,24.4
1573,24.4
1574,25
1575,24.4
1576,24.4
1577,23.9
1578,23.3
1579,23.3
1580,23.3
1581,22.8
1582,22.8
1583,22.2
1584,22.2
1585,22.2
1586,21.7
1587,21.7
1588,21.7
1589,21.7
1590,21.7
1591,22.8
1592,23.3
1593,24.4
1594,23.9
1595,24.4
1596,24.4
1597,25
1598,25
1599,25
1600,24.4
1601,23.3
1602,22.8
1603,22.8
1604,22.8
1605,22.2
1606,22.2
1607,22.2
1608,22.2
1609,22.2
1610,22.2
1611,22.8
1612,22.8
1613,22.8
1614,22.8
1615,22.8
1616,23.9
1617,25
1618,25
1619,25.6
1620,25.6
1621,26.7
1622,26.7
1623,27.2
1624,26.7
1625,25.6
1626,24.4
1627,23.9
1628,23.9
1629,23.3
1630,23.3
1631,23.3
1632,23.3
1633,23.9
1634,23.3
1635,23.3
1636,23.3
1637,23.3
1638,23.3
1639,23.9
1640,24.4
1641,23.9
1642,22.2
1643,20
1644,19.4
1645,21.1
1646,22.8
1647,23.9
1648,22.8
1649,21.1
1650,19.4
1651,19.4
1652,18.3
1653,17.8
1654,17.2
1655,16.7
1656,16.1
1657,15
1658,14.4
1659,13.9
1660,13.3
1661,13.3
1662,12.8
1663,13.9
1664,15
1665,16.1
1666,17.8
1667,20
1668,21.7
1669,22.2
1670,22.8
1671,22.8
1672,22.2
1673,21.7
1674,21.7
1675,21.7
1676,21.7
1677,21.7
1678,21.1
1679,21.1
1680,21.7
1681,21.1
1682,21.1
1683,21.1
1684,20.6
1685,18.9
1686,18.3
1687,21.1
1688,22.2
1689,22.8
1690,23.3
1691,23.9
1692,24.4
1693,25
1694,24.4
1695,24.4
1696,24.4
1697,22.8
1698,22.2
1699,22.2
1700,22.2
1701,21.7
1702,21.7
1703,21.7
1704,22.2
1705,21.7
1706,21.7
1707,21.7
1708,21.7
1709,22.2
1710,21.7
1711,23.3
1712,25
1713,23.3
1714,27.2
1715,27.8
1716,27.8
1717,27.8
1718,28.9
1719,29.4
1720,28.9
1721,28.3
1722,26.1
1723,25.6
1724,25
1725,25
1726,24.4
1727,23.9
1728,23.9
1729,23.9
1730,23.9
1731,23.9
1732,23.3
1733,23.3
1734,23.3
1735,24.4
1736,25
1737,26.7
1738,26.7
1739,22.8
1740,23.3
1741,24.4
1742,25
1743,26.1
1744,25.6
1745,24.4
1746,22.8
1747,21.1
1748,20.6
1749,17.8
1750,16.1
1751,14.4
1752,13.9
1753,12.8
1754,12.2
1755,12.2
1756,12.2
1757,11.7
1758,11.1
1759,11.7
1760,12.2
1761,12.8
1762,13.3
1763,14.4
1764,15.6
1765,16.7
1766,17.2
1767,17.8
1768,17.8
1769,17.2
1770,16.1
1771,15
1772,14.4
1773,13.3
1774,11.7
1775,10.6
1776,9.4
1777,8.3
1778,7.8
1779,7.8
1780,6.7
1781,6.7
1782,6.7
1783,8.3
1784,10.6
1785,12.8
1786,14.4
1787,15.6
1788,17.2
1789,18.3
1790,18.3
1791,19.4
1792,18.9
1793,18.3
1794,17.8
1795,16.7
1796,16.1
1797,15.6
1798,15.6
1799,15
1800,15
1801,14.4
1802,14.4
1803,14.4
1804,13.3
1805,13.3
1806,13.3
1807,14.4
1808,16.7
1809,19.4
1810,21.1
1811,21.1
1812,21.1
1813,21.7
1814,21.7
1815,21.1
1816,20.6
1817,20
1818,19.4
1819,19.4
1820,19.4
1821,18.9
1822,18.9
1823,18.9
1824,18.9
1825,18.9
1826,18.9
1827,18.9
1828,19.4
1829,19.4
1830,20
1831,21.1
1832,22.2
1833,22.8
1834,22.8
1835,23.3
1836,23.3
1837,23.9
1838,24.4
1839,25
1840,25
1841,24.4
1842,24.4
1843,23.3
1844,23.3
1845,23.3
1846,23.3
1847,23.3
1848,23.3
1849,23.3
1850,23.3
1851,23.9
1852,23.9
1853,23.9
1854,23.9
1855,21.1
1856,21.1
1857,18.9
1858,18.3
1859,16.7
1860,15.6
1861,16.1
1862,16.7
1863,17.2
1864,18.3
1865,18.9
1866,17.8
1867,16.7
1868,16.1
1869,15.6
1870,15
1871,13.9
1872,13.3
1873,12.8
1874,12.8
1875,12.2
1876,12.2
1877,10.6
1878,10
1879,11.1
1880,12.2
1881,13.9
1882,15.6
1883,16.7
1884,18.3
1885,18.9
1886,19.4
1887,19.4
1888,20.6
1889,18.9
1890,17.8
1891,17.2
1892,16.1
1893,15
1894,14.4
1895,13.3
1896,12.8
1897,12.2
1898,11.7
1899,12.2
1900,11.7
1901,10.6
1902,10.6
1903,12.2
1904,14.4
1905,17.2
1906,18.9
1907,21.1
1908,22.2
1909,22.8
1910,22.8
1911,22.8
1912,22.2
1913,21.1
1914,20.6
1915,19.4
1916,18.3
1917,18.3
1918,17.8
1919,16.7
1920,15.6
1921,15.6
1922,14.4
1923,13.9
1924,13.9
1925,13.3
1926,13.3
1927,15.6
1928,18.3
1929,21.1
1930,22.2
1931,23.3
1932,23.3
1933,23.3
1934,22.8
1935,23.3
1936,23.3
1937,22.2
1938,22.2
1939,21.1
1940,21.1
1941,21.1
1942,21.1
1943,21.1
1944,20.6
1945,20.6
1946,21.1
1947,21.1
1948,21.1
1949,21.7
1950,21.7
1951,22.2
1952,22.8
1953,23.9
1954,23.9
1955,23.9
1956,25
1957,25
1958,25.6
1959,25
1960,24.4
1961,23.9
1962,23.3
1963,22.8
1964,22.8
1965,22.8
1966,22.8
1967,22.2
1968,22.2
1969,22.2
1970,22.2
1971,21.7
1972,21.7
1973,22.2
1974,22.2
1975,23.3
1976,23.3
1977,23.9
1978,25.6
1979,26.1
1980,26.1
1981,26.1
1982,25
1983,25
1984,24.4
1985,23.9
1986,23.3
1987,23.3
1988,22.8
1989,22.8
1990,22.8
1991,22.2
1992,22.2
1993,22.2
1994,22.2
1995,21.7
1996,21.7
1997,21.7
1998,22.2
1999,23.3
2000,24.4
2001,25
2002,25
2003,25.6
2004,25.6
2005,25.6
2006,26.7
2007,25.6
2008,25.6
2009,24.4
2010,23.9
2011,23.3
2012,23.3
2013,23.3
2014,23.3
2015,23.3
2016,23.3
2017,22.8
2018,22.8
2019,22.8
2020,22.2
2021,22.2
2022,22.8
2023,23.9
2024,24.4
2025,25.6
2026,25.6
2027,26.1
2028,27.2
2029,27.8
2030,27.8
2031,25.6
2032,25
2033,24.4
2034,24.4
2035,23.9
2036,23.3
2037,22.8
2038,22.2
2039,22.2
2040,21.7
2041,21.7
2042,21.7
2043,20.6
2044,20.6
2045,20
2046,20.6
2047,21.7
2048,23.9
2049,25
2050,26.7
2051,26.1
2052,27.8
2053,26.7
2054,27.8
2055,27.2
2056,26.7
2057,25.6
2058,25.6
2059,24.4
2060,25
2061,24.4
2062,23.9
2063,23.3
2064,23.3
2065,22.8
2066,22.8
2067,22.8
2068,21.7
2069,21.1
2070,20.6
2071,22.8
2072,24.4
2073,26.1
2074,26.1
2075,27.2
2076,27.2
2077,27.2
2078,26.7
2079,26.1
2080,26.1
2081,25
2082,24.4
2083,23.9
2084,24.4
2085,23.9
2086,23.3
2087,23.3
2088,23.3
2089,22.8
2090,22.8
2091,22.8
2092,22.8
2093,22.2
2094,22.8
2095,23.9
2096,24.4
2097,25.6
2098,25.6
2099,25
2100,25.6
2101,26.7
2102,26.7
2103,26.1
2104,25.6
2105,25
2106,24.4
2107,23.9
2108,23.9
2109,23.9
2110,23.3
2111,23.3
2112,23.3
2113,22.8
2114,22.8
2115,22.8
2116,22.8
2117,22.8
2118,23.3
2119,23.9
2120,24.4
2121,25
2122,26.1
2123,26.1
2124,26.7
2125,26.7
2126,26.1
2127,26.1
2128,25
2129,25
2130,23.9
2131,23.9
2132,23.9
2133,23.9
2134,23.3
2135,23.3
2136,23.3
2137,22.8
2138,22.8
2139,22.8
2140,22.2
2141,22.2
2142,22.8
2143,23.3
2144,23.9
2145,24.4
2146,25
2147,25
2148,25.6
2149,25
2150,25.6
2151,26.7
2152,24.4
2153,23.9
2154,23.3
2155,23.3
2156,23.3
2157,23.1
2158,22.8
2159,22.6
2160,22.4
2161,22.2
2162,21.9
2163,21.7
2164,21.1
2165,21.1
2166,21.1
2167,21.1
2168,21.7
2169,22.2
2170,23.9
2171,25
2172,25.6
2173,26.7
2174,27.8
2175,28.3
2176,27.8
2177,27.2
2178,25.6
2179,24.4
2180,23.9
2181,22.8
2182,22.2
2183,21.1
2184,19.4
2185,17.2
2186,17.2
2187,16.1
2188,14.4
2189,14.4
2190,16.1
2191,18.3
2192,21.1
2193,24.4
2194,26.1
2195,26.7
2196,26.7
2197,26.7
2198,26.7
2199,26.7
2200,25.6
2201,23.9
2202,22.8
2203,22.8
2204,22.2
2205,22.8
2206,22.8
2207,22.3
2208,21.1
2209,21.1
2210,20
2211,21.1
2212,20.6
2213,20
2214,21.1
2215,23.3
2216,24.4
2217,25
2218,25.6
2219,26.1
2220,26.1
2221,26.1
2222,26.1
2223,26.1
2224,25
2225,23.9
2226,23.3
2227,22.8
2228,22.8
2229,22.2
2230,22.8
2231,22.2
2232,22.2
2233,20.6
2234,21.1
2235,21.7
2236,21.7
2237,21.7
2238,21.7
2239,23.9
2240,25
2241,25.6
2242,26.7
2243,27.2
2244,26.7
2245,26.7
2246,26.7
2247,26.1
2248,26.1
2249,24.4
2250,23.9
2251,23.3
2252,23.3
2253,23.3
2254,23.3
2255,21.7
2256,21.7
2257,21.7
2258,20.6
2259,21.1
2260,21.1
2261,21.1
2262,22.2
2263,24.4
2264,25.6
2265,26.7
2266,27.2
2267,26.7
2268,26.7
2269,26.7
2270,26.7
2271,26.7
2272,26.1
2273,24.4
2274,23.9
2275,23.9
2276,23.3
2277,23.3
2278,22.8
2279,22.8
2280,22.2
2281,22.8
2282,22.2
2283,22.2
2284,21.7
2285,22.2
2286,22.8
2287,23.9
2288,25
2289,25
2290,25
2291,25.6
2292,26.1
2293,26.1
2294,25
2295,26.7
2296,24.4
2297,25
2298,24.4
2299,23.3
2300,23.9
2301,23.9
2302,23.9
2303,23.3
2304,22.8
2305,23.3
2306,23.3
2307,23.3
2308,23.3
2309,23.3
2310,23.9
2311,25
2312,25
2313,25.6
2314,26.1
2315,27.2
2316,27.2
2317,27.2
2318,27.2
2319,26.7
2320,26.7
2321,25.6
2322,24.4
2323,23.9
2324,23.9
2325,23.9
2326,23.3
2327,23.3
2328,22.8
2329,22.8
2330,22.2
2331,22.8
2332,22.8
2333,22.2
2334,22.8
2335,25
2336,25.6
2337,26.1
2338,26.7
2339,27.2
2340,27.2
2341,27.2
2342,26.7
2343,26.7
2344,25.6
2345,25
2346,23.9
2347,23.3
2348,23.3
2349,23.3
2350,22.8
2351,22.8
2352,22.2
2353,21.7
2354,21.1
2355,21.1
2356,20.6
2357,20
2358,22.2
2359,23.9
2360,23.9
2361,26.1
2362,26.7
2363,27.2
2364,28.3
2365,27.2
2366,27.8
2367,27.2
2368,26.7
2369,25.6
2370,23.9
2371,23.3
2372,23.3
2373,22.8
2374,22.8
2375,22.2
2376,21.1
2377,21.1
2378,20.6
2379,20
2380,20
2381,20.6
2382,22.2
2383,24.4
2384,25.6
2385,26.7
2386,27.2
2387,27.2
2388,27.2
2389,27.8
2390,27.2
2391,27.2
2392,26.7
2393,25.6
2394,23.9
2395,23.9
2396,23.9
2397,23.3
2398,22.8
2399,22.8
2400,22.2
2401,22.8
2402,22.2
2403,22.8
2404,23.3
2405,23.3
2406,23.9
2407,25.6
2408,26.7
2409,27.8
2410,27.8
2411,28.3
2412,27.8
2413,28.9
2414,28.9
2415,28.3
2416,27.2
2417,26.7
2418,25.6
2419,25
2420,25
2421,25
2422,24.4
2423,25
2424,25
2425,25
2426,25
2427,24.4
2428,24.4
2429,25
2430,25.6
2431,26.7
2432,27.2
2433,27.8
2434,28.3
2435,28.9
2436,29.4
2437,29.4
2438,27.8
2439,28.9
2440,27.2
2441,26.7
2442,25.6
2443,25.6
2444,25.6
2445,25.6
2446,25.6
2447,25.6
2448,25.6
2449,25.6
2450,25
2451,24.4
2452,24.4
2453,24.4
2454,25
2455,27.2
2456,27.2
2457,27.8
2458,28.9
2459,30
2460,29.4
2461,28.9
2462,28.9
2463,28.3
2464,27.8
2465,26.7
2466,25.6
2467,25.6
2468,25.6
2469,25
2470,25
2471,24.4
2472,23.9
2473,24.4
2474,24.4
2475,23.9
2476,23.3
2477,23.3
2478,23.9
2479,25.6
2480,26.7
2481,28.3
2482,28.9
2483,30
2484,30.6
2485,30.6
2486,30.6
2487,29.4
2488,28.3
2489,27.8
2490,26.7
2491,26.1
2492,25.6
2493,25
2494,25
2495,25
2496,24.4
2497,23.9
2498,23.3
2499,22.8
2500,22.2
2501,22.2
2502,22.8
2503,24.4
2504,26.1
2505,27.8
2506,30
2507,30.6
2508,30.6
2509,30.6
2510,31.1
2511,31.7
2512,31.7
2513,30
2514,28.9
2515,26.7
2516,25.6
2517,24.4
2518,23.3
2519,22.8
2520,22.2
2521,22.2
2522,21.7
2523,21.7
2524,21.7
2525,21.1
2526,21.7
2527,23.9
2528,25
2529,27.2
2530,29.4
2531,30.6
2532,31.7
2533,31.7
2534,31.7
2535,30.6
2536,31.1
2537,31.1
2538,28.3
2539,26.1
2540,25
2541,23.9
2542,23.3
2543,22.8
2544,22.2
2545,21.7
2546,20.6
2547,20
2548,18.9
2549,18.9
2550,19.4
2551,20.6
2552,21.7
2553,24.4
2554,27.2
2555,28.9
2556,30.6
2557,31.7
2558,32.2
2559,31.7
2560,31.1
2561,30.6
2562,27.2
2563,25
2564,23.3
2565,22.8
2566,22.2
2567,21.7
2568,21.1
2569,20.6
2570,20
2571,19.4
2572,18.3
2573,18.3
2574,17.8
2575,18.3
2576,19.4
2577,20.6
2578,21.7
2579,22.2
2580,22.2
2581,23.3
2582,23.9
2583,23.3
2584,22.2
2585,21.1
2586,20
2587,19.4
2588,18.9
2589,17.8
2590,16.7
2591,16.1
2592,15.6
2593,15
2594,15
2595,15
2596,15
2597,15.6
2598,16.1
2599,18.9
2600,21.7
2601,22.2
2602,22.8
2603,23.9
2604,23.3
2605,23.9
2606,23.3
2607,22.2
2608,22.2
2609,22.2
2610,21.7
2611,21.7
2612,21.7
2613,21.1
2614,22.2
2615,21.7
2616,21.7
2617,21.1
2618,21.1
2619,20.6
2620,21.1
2621,21.1
2622,21.1
2623,23.3
2624,24.4
2625,24.4
2626,26.1
2627,26.1
2628,24.4
2629,24.4
2630,25.6
2631,25
2632,23.9
2633,23.3
2634,22.8
2635,22.2
2636,22.2
2637,22.2
2638,22.2
2639,22.2
2640,22.2
2641,21.7
2642,21.1
2643,22.2
2644,22.2
2645,22.2
2646,22.8
2647,24.4
2648,25.6
2649,25
2650,26.7
2651,25.6
2652,25
2653,25.6
2654,26.1
2655,25.6
2656,25.6
2657,24.4
2658,23.9
2659,23.9
2660,23.9
2661,23.9
2662,22.8
2663,22.8
2664,22.8
2665,22.8
2666,22.8
2667,22.8
2668,23.3
2669,23.3
2670,22.2
2671,25
2672,25
2673,26.1
2674,26.7
2675,27.2
2676,27.2
2677,26.1
2678,26.7
2679,26.1
2680,25.6
2681,25
2682,24.4
2683,24.4
2684,23.9
2685,23.9
2686,23.9
2687,23.9
2688,23.9
2689,23.3
2690,23.3
2691,23.3
2692,23.3
2693,23.3
2694,23.9
2695,24.4
2696,26.1
2697,26.1
2698,26.7
2699,27.2
2700,26.7
2701,26.7
2702,26.1
2703,26.1
2704,26.7
2705,25.6
2706,24.4
2707,24.4
2708,24.4
2709,23.9
2710,24.4
2711,23.3
2712,23.3
2713,22.8
2714,22.8
2715,22.8
2716,22.8
2717,22.2
2718,23.3
2719,25
2720,26.1
2721,26.1
2722,27.2
2723,26.7
2724,26.7
2725,26.7
2726,27.2
2727,26.1
2728,26.1
2729,25.6
2730,24.4
2731,24.4
2732,23.9
2733,23.9
2734,23.3
2735,22.8
2736,22.8
2737,23.3
2738,22.2
2739,22.2
2740,22.8
2741,22.2
2742,22.8
2743,24.4
2744,26.1
2745,26.7
2746,28.9
2747,29.4
2748,28.3
2749,27.2
2750,27.2
2751,20.6
2752,22.2
2753,21.7
2754,22.2
2755,22.8
2756,22.8
2757,23.3
2758,22.8
2759,22.2
2760,21.7
2761,21.1
2762,20.6
2763,21.1
2764,20.6
2765,20.6
2766,21.1
2767,23.3
2768,25.6
2769,26.7
2770,27.8
2771,29.4
2772,27.8
2773,22.2
2774,23.9
2775,25
2776,25
2777,24.4
2778,23.3
2779,22.8
2780,22.8
2781,22.2
2782,22.8
2783,22.8
2784,22.8
2785,22.2
2786,22.2
2787,21.7
2788,22.2
2789,21.7
2790,22.2
2791,23.3
2792,23.9
2793,25
2794,25
2795,25.6
2796,25.6
2797,25
2798,25.6
2799,25
2800,23.9
2801,23.3
2802,23.3
2803,23.3
2804,23.3
2805,23.3
2806,23.3
2807,23.3
2808,22.8
2809,22.8
2810,22.2
2811,22.2
2812,22.8
2813,22.2
2814,23.3
2815,23.9
2816,24.4
2817,24.4
2818,25
2819,25
2820,24.4
2821,25.6
2822,24.4
2823,24.4
2824,23.9
2825,23.3
2826,23.3
2827,23.3
2828,23.3
2829,23.3
2830,23.3
2831,23.3
2832,23.3
2833,23.3
2834,23.3
2835,23.3
2836,22.8
2837,22.8
2838,23.3
2839,23.3
2840,23.9
2841,23.9
2842,23.9
2843,23.9
2844,24.4
2845,23.3
2846,23.9
2847,23.3
2848,22.8
2849,22.2
2850,21.7
2851,21.7
2852,21.7
2853,21.7
2854,21.7
2855,21.7
2856,21.1
2857,21.7
2858,22.2
2859,22.2
2860,22.8
2861,22.8
2862,22.8
2863,23.3
2864,22.2
2865,23.9
2866,25
2867,25
2868,25
2869,25
2870,24.4
2871,24.4
2872,24.4
2873,23.3
2874,23.3
2875,23.3
2876,22.8
2877,22.6
2878,22.3
2879,22.1
2880,21.8
2881,21.6
2882,21.3
2883,21.1
2884,20.6
2885,20.6
2886,21.7
2887,24.4
2888,26.7
2889,28.9
2890,30
2891,30.6
2892,31.1
2893,30.6
2894,30
2895,29.4
2896,28.9
2897,27.8
2898,26.1
2899,25
2900,24.4
2901,23.9
2902,23.9
2903,23.3
2904,22.8
2905,21.7
2906,22.2
2907,22.2
2908,21.7
2909,21.7
2910,22.8
2911,26.1
2912,27.2
2913,28.3
2914,28.3
2915,28.9
2916,29.4
2917,28.9
2918,28.9
2919,28.3
2920,28.3
2921,27.2
2922,26.1
2923,25.6
2924,25.6
2925,25.6
2926,25
2927,25
2928,25
2929,25
2930,24.4
2931,24.4
2932,24.4
2933,24.4
2934,25.6
2935,26.7
2936,27.2
2937,28.3
2938,28.9
2939,29.4
2940,30
2941,29.4
2942,29.4
2943,28.3
2944,27.8
2945,26.7
2946,26.1
2947,25.6
2948,25.6
2949,25.6
2950,25
2951,25
2952,25
2953,25
2954,25
2955,24.4
2956,24.4
2957,24.4
2958,25.6
2959,26.7
2960,27.2
2961,27.2
2962,27.8
2963,28.9
2964,28.3
2965,28.3
2966,28.3
2967,28.3
2968,27.8
2969,26.7
2970,26.1
2971,25.6
2972,25.6
2973,25.6
2974,25
2975,25
2976,24.4
2977,24.4
2978,24.4
2979,24.4
2980,23.9
2981,23.3
2982,25
2983,26.1
2984,26.7
2985,27.8
2986,28.3
2987,27.8
2988,29.4
2989,29.4
2990,28.9
2991,28.3
2992,28.3
2993,27.2
2994,26.1
2995,25.6
2996,25.6
2997,25
2998,23.9
2999,23.3
3000,22.8
3001,23.3
3002,22.2
3003,22.2
3004,22.2
3005,22.2
3006,24.4
3007,26.1
3008,27.8
3009,27.8
3010,29.4
3011,31.7
3012,31.1
3013,30.6
3014,29.4
3015,26.7
3016,27.8
3017,27.8
3018,28.3
3019,27.2
3020,25.6
3021,25
3022,23.9
3023,23.3
3024,22.2
3025,21.7
3026,21.1
3027,21.1
3028,20.6
3029,20.6
3030,22.8
3031,25.6
3032,26.7
3033,28.3
3034,28.9
3035,28.3
3036,25.6
3037,25
3038,26.7
3039,25.6
3040,25.6
3041,25
3042,24.4
3043,23.9
3044,23.9
3045,23.9
3046,23.9
3047,23.3
3048,23.9
3049,23.9
3050,23.3
3051,23.3
3052,23.9
3053,23.9
3054,25
3055,25
3056,26.1
3057,26.7
3058,26.7
3059,26.7
3060,26.7
3061,26.7
3062,27.2
3063,26.7
3064,25.6
3065,26.1
3066,25
3067,25
3068,24.4
3069,24.4
3070,23.9
3071,23.9
3072,23.9
3073,23.9
3074,24.4
3075,24.4
3076,23.9
3077,23.9
3078,25.6
3079,26.1
3080,26.7
3081,27.8
3082,27.8
3083,27.2
3084,28.9
3085,27.2
3086,27.2
3087,27.2
3088,27.2
3089,26.1
3090,26.1
3091,26.1
3092,26.1
3093,25.6
3094,26.1
3095,26.1
3096,25.6
3097,25.6
3098,25.6
3099,25
3100,25
3101,25
3102,26.1
3103,27.2
3104,28.9
3105,29.4
3106,30.6
3107,30
3108,28.9
3109,28.3
3110,21.7
3111,24.4
3112,26.1
3113,26.7
3114,25.6
3115,25
3116,25
3117,25
3118,24.4
3119,23.9
3120,23.3
3121,22.8
3122,22.2
3123,21.7
3124,21.7
3125,21.7
3126,22.8
3127,24.4
3128,25.6
3129,27.2
3130,28.3
3131,29.4
3132,29.4
3133,29.4
3134,29.4
3135,28.9
3136,28.9
3137,27.2
3138,26.1
3139,25.6
3140,25.6
3141,25
3142,24.4
3143,24.4
3144,24.4
3145,23.9
3146,24.4
3147,23.9
3148,24.4
3149,25
3150,25.6
3151,27.2
3152,27.8
3153,28.3
3154,28.9
3155,30
3156,30
3157,30
3158,29.4
3159,29.4
3160,28.3
3161,27.8
3162,26.7
3163,26.7
3164,26.7
3165,26.7
3166,26.1
3167,25.6
3168,25.6
3169,25.6
3170,25.6
3171,25
3172,25
3173,25
3174,26.1
3175,27.2
3176,27.2
3177,28.3
3178,28.9
3179,30
3180,30.6
3181,30.6
3182,30
3183,30
3184,28.9
3185,27.8
3186,26.7
3187,26.7
3188,26.7
3189,26.7
3190,26.1
3191,26.1
3192,26.1
3193,25.6
3194,25.6
3195,25.6
3196,25.6
3197,25.6
3198,26.7
3199,27.2
3200,28.9
3201,28.9
3202,29.4
3203,28.9
3204,28.3
3205,27.8
3206,28.3
3207,27.8
3208,27.2
3209,27.8
3210,26.7
3211,26.7
3212,26.7
3213,26.1
3214,26.1
3215,25.6
3216,26.1
3217,25.6
3218,25.6
3219,25.6
3220,24.4
3221,25
3222,26.7
3223,27.8
3224,28.9
3225,28.9
3226,30
3227,30
3228,30.6
3229,30
3230,30.6
3231,29.4
3232,29.4
3233,27.8
3234,27.2
3235,26.7
3236,26.7
3237,26.7
3238,26.1
3239,26.1
3240,26.1
3241,26.1
3242,25.6
3243,25
3244,25
3245,25
3246,26.7
3247,27.8
3248,28.9
3249,29.4
3250,30
3251,30.6
3252,30
3253,30
3254,30.6
3255,29.4
3256,29.4
3257,28.3
3258,27.2
3259,26.7
3260,26.7
3261,26.7
3262,26.7
3263,26.1
3264,25.6
3265,25.6
3266,25.6
3267,25
3268,25
3269,25
3270,26.1
3271,27.2
3272,28.3
3273,29.4
3274,30
3275,30
3276,30.6
3277,31.1
3278,30
3279,30
3280,28.9
3281,28.3
3282,27.2
3283,26.7
3284,26.1
3285,26.1
3286,26.1
3287,26.1
3288,26.1
3289,25.6
3290,25
3291,25
3292,24.4
3293,24.4
3294,26.7
3295,27.8
3296,28.3
3297,29.4
3298,30.6
3299,30.6
3300,31.7
3301,30.6
3302,31.1
3303,30
3304,28.9
3305,27.8
3306,26.7
3307,26.1
3308,26.1
3309,26.1
3310,26.1
3311,25.6
3312,25
3313,25
3314,24.4
3315,24.4
3316,25
3317,25
3318,26.7
3319,28.3
3320,28.3
3321,28.3
3322,30
3323,30.6
3324,30
3325,30
3326,30
3327,30
3328,29.4
3329,28.3
3330,27.2
3331,26.1
3332,26.1
3333,26.1
3334,26.1
3335,26.1
3336,26.1
3337,26.1
3338,26.7
3339,25.6
3340,26.1
3341,25.6
3342,26.7
3343,27.8
3344,28.3
3345,28.9
3346,29.4
3347,30.6
3348,30.6
3349,30
3350,30
3351,30
3352,29.4
3353,28.3
3354,26.7
3355,26.1
3356,25.6
3357,26.1
3358,25.6
3359,25.6
3360,25.6
3361,25.6
3362,25.6
3363,25
3364,25
3365,25
3366,25.6
3367,27.2
3368,26.7
3369,27.2
3370,27.8
3371,28.3
3372,27.8
3373,30
3374,28.3
3375,27.8
3376,25.6
3377,25.6
3378,26.1
3379,25
3380,24.4
3381,25
3382,24.4
3383,25
3384,23.3
3385,23.3
3386,23.3
3387,22.8
3388,22.2
3389,22.8
3390,25
3391,26.7
3392,28.9
3393,31.1
3394,31.7
3395,33.3
3396,34.4
3397,33.9
3398,30.6
3399,32.8
3400,31.7
3401,30.6
3402,29.4
3403,28.3
3404,27.8
3405,27.2
3406,25.6
3407,24.4
3408,25
3409,25
3410,25
3411,25
3412,24.4
3413,23.9
3414,25
3415,26.1
3416,27.2
3417,28.3
3418,28.9
3419,30
3420,29.4
3421,30.6
3422,30
3423,27.2
3424,26.1
3425,26.1
3426,26.1
3427,26.1
3428,26.1
3429,24.4
3430,22.8
3431,22.8
3432,22.8
3433,22.8
3434,22.8
3435,22.8
3436,23.9
3437,24.4
3438,25.6
3439,26.1
3440,26.1
3441,26.1
3442,23.3
3443,25.6
3444,25.6
3445,25.6
3446,24.4
3447,23.9
3448,23.9
3449,23.3
3450,23.9
3451,23.9
3452,24.4
3453,24.4
3454,23.3
3455,23.9
3456,24.4
3457,24.4
3458,25
3459,23.3
3460,22.8
3461,22.8
3462,23.9
3463,25.6
3464,24.4
3465,23.9
3466,24.4
3467,26.1
3468,26.7
3469,26.7
3470,26.1
3471,25.6
3472,25.6
3473,23.9
3474,23.9
3475,23.9
3476,23.9
3477,23.9
3478,24.4
3479,23.9
3480,23.3
3481,22.8
3482,23.9
3483,23.9
3484,23.9
3485,24.4
3486,25
3487,25.6
3488,26.1
3489,27.2
3490,27.2
3491,27.8
3492,26.7
3493,25
3494,26.1
3495,26.7
3496,27.2
3497,25
3498,24.4
3499,24.4
3500,25
3501,25
3502,26.7
3503,25
3504,25
3505,25
3506,25
3507,24.4
3508,24.4
3509,25
3510,24.4
3511,23.9
3512,23.9
3513,22.2
3514,22.2
3515,21.7
3516,21.7
3517,23.3
3518,23.9
3519,25.6
3520,26.1
3521,25
3522,24.4
3523,24.4
3524,24.4
3525,23.9
3526,23.3
3527,22.8
3528,22.8
3529,22.8
3530,23.3
3531,23.3
3532,23.9
3533,23.9
3534,25
3535,26.7
3536,26.1
3537,28.3
3538,29.4
3539,31.1
3540,27.8
3541,27.8
3542,28.9
3543,25.6
3544,25
3545,23.3
3546,23.9
3547,23.9
3548,25
3549,26.1
3550,25.6
3551,25.6
3552,25.6
3553,25
3554,25
3555,25.6
3556,25
3557,25
3558,25
3559,27.2
3560,28.3
3561,30
3562,31.1
3563,31.7
3564,33.3
3565,32.2
3566,32.8
3567,33.3
3568,31.7
3569,31.1
3570,29.4
3571,28.3
3572,27.8
3573,27.8
3574,26.7
3575,26.7
3576,26.1
3577,25.6
3578,25.6
3579,25.6
3580,24.4
3581,23.3
3582,23.9
3583,26.7
3584,27.8
3585,30
3586,30.6
3587,31.1
3588,25.6
3589,27.8
3590,30
3591,31.1
3592,31.1
3593,30
3594,28.3
3595,27.2
3596,26.7
3597,26.1
3598,26.1
3599,26.1
3600,25.6
3601,25
3602,24.4
3603,25
3604,25
3605,25
3606,26.7
3607,27.8
3608,29.4
3609,31.1
3610,32.8
3611,30
3612,31.7
3613,31.1
3614,31.1
3615,29.4
3616,28.9
3617,28.3
3618,28.3
3619,27.8
3620,27.2
3621,27
3622,26.9
3623,26.7
3624,26.6
3625,26.4
3626,26.3
3627,26.1
3628,25.6
3629,24.4
3630,25.6
3631,26.7
3632,27.8
3633,28.3
3634,28.9
3635,30
3636,30
3637,30.6
3638,30
3639,30
3640,29.4
3641,28.9
3642,28.3
3643,28.3
3644,28.3
3645,27.8
3646,27.8
3647,27.8
3648,27.8
3649,27.2
3650,26.7
3651,26.1
3652,25.6
3653,25
3654,26.7
3655,27.2
3656,28.3
3657,28.9
3658,30
3659,30
3660,30.6
3661,30.6
3662,30.6
3663,30
3664,29.4
3665,28.9
3666,28.9
3667,28.9
3668,28.9
3669,28.9
3670,28.3
3671,28.3
3672,27.8
3673,27.8
3674,27.2
3675,26.7
3676,26.1
3677,26.1
3678,26.7
3679,28.3
3680,28.9
3681,29.4
3682,30
3683,30.6
3684,30
3685,30.6
3686,30.6
3687,31.1
3688,31.1
3689,30
3690,29.4
3691,29.4
3692,29.4
3693,29.4
3694,28.3
3695,28.3
3696,27.8
3697,26.1
3698,26.1
3699,26.1
3700,25.6
3701,25.6
3702,26.1
3703,27.8
3704,30
3705,30.6
3706,31.1
3707,31.1
3708,28.3
3709,28.9
3710,27.2
3711,25
3712,28.9
3713,30
3714,30
3715,28.9
3716,27.8
3717,26.1
3718,25.6
3719,25.6
3720,25.6
3721,25.6
3722,25.6
3723,25.6
3724,25.6
3725,25
3726,26.7
3727,27.8
3728,28.3
3729,29.4
3730,30.6
3731,30
3732,28.3
3733,23.3
3734,22.8
3735,24.4
3736,27.8
3737,28.9
3738,28.9
3739,28.3
3740,28.3
3741,23.3
3742,23.9
3743,23.9
3744,24.4
3745,24.4
3746,23.3
3747,23.3
3748,23.9
3749,24.4
3750,26.1
3751,27.8
3752,28.9
3753,30
3754,30.6
3755,30.6
3756,31.1
3757,30.6
3758,29.4
3759,28.9
3760,28.9
3761,28.9
3762,27.2
3763,26.1
3764,26.1
3765,26.1
3766,26.1
3767,26.1
3768,26.1
3769,26.1
3770,26.1
3771,26.1
3772,26.1
3773,26.1
3774,26.7
3775,27.8
3776,28.9
3777,30
3778,30.6
3779,30.6
3780,30.6
3781,30.6
3782,30.6
3783,30.6
3784,30.6
3785,30
3786,29.4
3787,29.4
3788,29.4
3789,29.4
3790,28.9
3791,29.4
3792,28.9
3793,28.9
3794,28.9
3795,28.9
3796,28.3
3797,28.3
3798,28.3
3799,28.9
3800,30
3801,30
3802,30.6
3803,30.6
3804,31.1
3805,31.1
3806,30.6
3807,30.6
3808,30.6
3809,30
3810,29.4
3811,28.9
3812,28.9
3813,28.9
3814,28.9
3815,28.3
3816,28.3
3817,28.3
3818,28.3
3819,27.8
3820,27.8
3821,27.8
3822,28.3
3823,28.9
3824,29.4
3825,30.6
3826,30.6
3827,31.1
3828,30.6
3829,31.1
3830,31.1
3831,31.1
3832,31.1
3833,30
3834,30
3835,29.4
3836,29.4
3837,28.9
3838,27.8
3839,27.8
3840,27.8
3841,27.2
3842,27.2
3843,26.1
3844,25.6
3845,25.6
3846,26.1
3847,28.3
3848,29.4
3849,30
3850,31.1
3851,31.1
3852,31.1
3853,31.1
3854,31.7
3855,31.7
3856,30.6
3857,30.6
3858,29.4
3859,29.4
3860,29.4
3861,29.4
3862,29.4
3863,28.9
3864,28.9
3865,28.9
3866,26.1
3867,25.6
3868,25
3869,25
3870,26.1
3871,28.3
3872,30
3873,30.6
3874,31.1
3875,31.1
3876,32.2
3877,31.7
3878,31.1
3879,31.1
3880,30.6
3881,30
3882,29.4
3883,28.9
3884,28.9
3885,28.9
3886,28.9
3887,28.9
3888,28.3
3889,26.1
3890,26.1
3891,25.6
3892,25.6
3893,25.6
3894,26.1
3895,28.3
3896,29.4
3897,30.6
3898,30.6
3899,30.6
3900,30
3901,27.8
3902,25
3903,24.4
3904,25.6
3905,25.6
3906,25.6
3907,25
3908,25
3909,24.4
3910,24.4
3911,24.4
3912,24.4
3913,24.4
3914,24.4
3915,23.9
3916,23.9
3917,23.9
3918,23.9
3919,25.6
3920,27.2
3921,28.9
3922,29.4
3923,30
3924,31.1
3925,30.6
3926,31.1
3927,30.6
3928,23.3
3929,25
3930,26.1
3931,26.1
3932,26.1
3933,26.1
3934,25.6
3935,25.6
3936,25.6
3937,25.6
3938,25.6
3939,25
3940,24.4
3941,23.3
3942,24.4
3943,26.7
3944,27.8
3945,28.9
3946,30
3947,29.4
3948,30.6
3949,30
3950,30.6
3951,30
3952,30
3953,29.4
3954,28.9
3955,28.9
3956,28.3
3957,28.3
3958,28.3
3959,28.3
3960,27.8
3961,27.2
3962,27.2
3963,27.2
3964,27.2
3965,27.2
3966,27.2
3967,23.3
3968,25.6
3969,25.6
3970,27.8
3971,28.3
3972,28.9
3973,30
3974,30
3975,29.4
3976,29.4
3977,28.9
3978,28.9
3979,28.9
3980,28.3
3981,28.3
3982,27.8
3983,27.8
3984,26.1
3985,25.6
3986,25.6
3987,25.6
3988,26.1
3989,26.1
3990,26.7
3991,27.2
3992,27.8
3993,28.3
3994,30
3995,30
3996,30
3997,29.4
3998,29.4
3999,30
4000,29.4
4001,29.4
4002,28.9
4003,28.3
4004,28.3
4005,28.3
4006,28.3
4007,28.3
4008,27.2
4009,27.2
4010,26.7
4011,25.6
4012,25.6
4013,25
4014,25.6
4015,26.7
4016,27.8
4017,28.3
4018,28.3
4019,28.3
4020,29.4
4021,29.4
4022,29.4
4023,29.4
4024,28.9
4025,28.9
4026,28.3
4027,27.8
4028,27.8
4029,27.8
4030,27.8
4031,26.1
4032,25
4033,23.9
4034,25
4035,25
4036,23.9
4037,25.6
4038,25.6
4039,25.6
4040,24.4
4041,24.4
4042,26.7
4043,27.8
4044,28.3
4045,28.3
4046,28.9
4047,25.6
4048,25.6
4049,23.9
4050,23.9
4051,23.9
4052,23.9
4053,23.9
4054,23.9
4055,23.9
4056,23.9
4057,24.4
4058,24.4
4059,24.4
4060,24.4
4061,24.4
4062,25
4063,26.7
4064,26.1
4065,26.1
4066,28.3
4067,28.3
4068,28.3
4069,28.9
4070,26.7
4071,27.2
4072,27.2
4073,26.7
4074,26.7
4075,26.7
4076,26.7
4077,26.7
4078,26.7
4079,26.7
4080,25.6
4081,25.6
4082,25.6
4083,25
4084,24.4
4085,25
4086,25.6
4087,26.7
4088,27.2
4089,25.6
4090,28.9
4091,28.9
4092,28.9
4093,28.9
4094,28.9
4095,28.3
4096,28.3
4097,28.3
4098,28.3
4099,26.1
4100,26.1
4101,26.7
4102,26.1
4103,26.1
4104,26.1
4105,26.1
4106,26.1
4107,25.6
4108,24.4
4109,24.4
4110,24.4
4111,24.4
4112,25.6
4113,27.8
4114,28.3
4115,29.4
4116,29.4
4117,29.4
4118,28.9
4119,23.9
4120,23.9
4121,24.4
4122,23.9
4123,23.9
4124,24.4
4125,25
4126,25
4127,26.1
4128,26.1
4129,26.1
4130,25.6
4131,25.6
4132,25
4133,24.4
4134,23.9
4135,25
4136,24.4
4137,24.4
4138,23.9
4139,23.9
4140,26.1
4141,28.3
4142,29.4
4143,30
4144,29.4
4145,28.9
4146,28.3
4147,28.3
4148,27.8
4149,27.2
4150,27.2
4151,27.2
4152,26.7
4153,26.7
4154,27.2
4155,26.7
4156,26.7
4157,26.7
4158,26.7
4159,27.2
4160,28.3
4161,29.4
4162,26.1
4163,28.9
4164,30.6
4165,25
4166,25.6
4167,26.1
4168,27.8
4169,27.8
4170,27.8
4171,27.2
4172,26.7
4173,26.1
4174,26.1
4175,26.1
4176,26.1
4177,26.1
4178,26.1
4179,25.6
4180,25
4181,24.4
4182,25.6
4183,27.2
4184,28.3
4185,29.4
4186,30.6
4187,30
4188,30.6
4189,30.6
4190,28.3
4191,25
4192,25.6
4193,26.1
4194,26.7
4195,26.7
4196,26.7
4197,26.7
4198,26.1
4199,23.9
4200,23.9
4201,23.9
4202,23.9
4203,23.9
4204,24.4
4205,23.9
4206,25
4207,27.2
4208,27.8
4209,24.4
4210,28.9
4211,30
4212,30.6
4213,31.1
4214,30
4215,28.9
4216,29.4
4217,29.4
4218,28.9
4219,28.9
4220,28.9
4221,26.1
4222,25.6
4223,26.1
4224,26.1
4225,25.6
4226,25.6
4227,25.6
4228,25.6
4229,25.6
4230,26.7
4231,27.8
4232,28.9
4233,30
4234,30
4235,30.6
4236,31.1
4237,26.7
4238,26.1
4239,26.1
4240,26.1
4241,27.2
4242,27.2
4243,27.2
4244,27.2
4245,27.2
4246,27.2
4247,27.2
4248,26.7
4249,26.7
4250,26.7
4251,26.7
4252,26.1
4253,25.6
4254,26.1
4255,27.2
4256,28.9
4257,29.4
4258,30
4259,30.6
4260,30.6
4261,30.6
4262,31.1
4263,30
4264,30
4265,29.4
4266,29.4
4267,28.9
4268,28.9
4269,28.9
4270,28.9
4271,28.3
4272,28.3
4273,28.3
4274,28.3
4275,27.8
4276,26.7
4277,26.7
4278,26.7
4279,26.7
4280,26.1
4281,26.7
4282,27.8
4283,28.9
4284,28.9
4285,30.6
4286,30.6
4287,30
4288,30
4289,30
4290,29.4
4291,28.9
4292,28.9
4293,28.9
4294,28.9
4295,28.9
4296,28.9
4297,26.1
4298,26.1
4299,26.1
4300,26.1
4301,26.1
4302,27.2
4303,28.9
4304,29.4
4305,30
4306,30.6
4307,30.6
4308,31.1
4309,31.1
4310,30.6
4311,30.6
4312,30.6
4313,30
4314,30
4315,28.9
4316,28.9
4317,28.9
4318,28.9
4319,28.9
4320,28.3
4321,28.3
4322,27.8
4323,26.1
4324,26.1
4325,26.1
4326,26.1
4327,27.8
4328,28.3
4329,30
4330,28.3
4331,25
4332,28.9
4333,30.6
4334,30
4335,30
4336,29.4
4337,28.9
4338,28.9
4339,28.9
4340,27.8
4341,27.5
4342,27.2
4343,26.9
4344,26.5
4345,26.2
4346,25.9
4347,25.6
4348,25.6
4349,25.6
4350,26.7
4351,29.4
4352,30
4353,30
4354,31.1
4355,31.7
4356,32.2
4357,32.8
4358,30
4359,31.7
4360,29.4
4361,28.9
4362,25
4363,25.6
4364,25
4365,24.4
4366,24.4
4367,24.4
4368,25.6
4369,25
4370,25
4371,24.4
4372,25
4373,25
4374,25.6
4375,27.8
4376,28.9
4377,31.1
4378,32.8
4379,30.6
4380,30
4381,26.1
4382,25.6
4383,22.8
4384,22.8
4385,22.8
4386,23.3
4387,23.9
4388,23.9
4389,25
4390,23.9
4391,25
4392,25
4393,26.1
4394,25.6
4395,25
4396,25
4397,25.6
4398,26.7
4399,26.7
4400,27.8
4401,29.4
4402,30.6
4403,31.7
4404,30.6
4405,30.6
4406,30
4407,31.1
4408,30
4409,29.4
4410,28.9
4411,28.3
4412,27.8
4413,27.8
4414,27.2
4415,27.2
4416,26.7
4417,26.7
4418,23.3
4419,22.8
4420,22.8
4421,23.3
4422,25
4423,27.8
4424,29.4
4425,30.6
4426,31.7
4427,31.7
4428,31.7
4429,32.8
4430,32.8
4431,31.7
4432,30
4433,30
4434,27.8
4435,27.8
4436,27.2
4437,27.2
4438,26.1
4439,26.1
4440,25.6
4441,25.6
4442,25.6
4443,25.6
4444,25.6
4445,26.1
4446,27.2
4447,28.3
4448,29.4
4449,30
4450,30
4451,30
4452,31.7
4453,32.8
4454,31.1
4455,28.3
4456,23.9
4457,24.4
4458,25
4459,24.4
4460,25
4461,24.4
4462,24.4
4463,23.9
4464,23.3
4465,23.3
4466,23.3
4467,23.9
4468,23.9
4469,23.9
4470,25
4471,28.3
4472,28.3
4473,31.1
4474,32.2
4475,33.9
4476,31.7
4477,32.2
4478,30.6
4479,30
4480,28.3
4481,28.9
4482,27.2
4483,25.6
4484,25.6
4485,25
4486,25
4487,24.4
4488,23.9
4489,23.9
4490,23.3
4491,23.3
4492,23.3
4493,23.3
4494,25.6
4495,27.8
4496,28.9
4497,31.1
4498,32.8
4499,33.9
4500,32.2
4501,31.7
4502,31.1
4503,31.7
4504,31.1
4505,30.6
4506,28.9
4507,28.9
4508,28.3
4509,28.3
4510,27.2
4511,27.8
4512,26.7
4513,26.7
4514,26.1
4515,26.7
4516,26.7
4517,26.7
4518,27.8
4519,29.4
4520,30
4521,31.1
4522,31.7
4523,31.7
4524,32.2
4525,31.7
4526,31.1
4527,31.1
4528,30.6
4529,30.6
4530,29.4
4531,28.9
4532,28.9
4533,28.3
4534,27.2
4535,27.8
4536,27.8
4537,27.2
4538,26.1
4539,26.1
4540,27.2
4541,26.1
4542,28.3
4543,27.8
4544,27.2
4545,29.4
4546,28.9
4547,30
4548,30.6
4549,31.1
4550,31.7
4551,31.1
4552,30
4553,28.9
4554,28.3
4555,28.3
4556,28.3
4557,28.3
4558,28.3
4559,27.8
4560,27.8
4561,26.1
4562,27.2
4563,25.6
4564,26.7
4565,27.2
4566,26.7
4567,26.1
4568,25
4569,27.2
4570,29.4
4571,29.4
4572,30
4573,31.1
4574,30
4575,28.3
4576,28.9
4577,28.9
4578,28.9
4579,28.3
4580,28.3
4581,28.3
4582,28.3
4583,27.2
4584,27.2
4585,26.1
4586,26.7
4587,25
4588,26.1
4589,26.7
4590,27.8
4591,28.3
4592,29.4
4593,29.4
4594,30
4595,30.6
4596,31.1
4597,31.1
4598,30.6
4599,30
4600,30
4601,30
4602,29.4
4603,25.6
4604,25.6
4605,26.7
4606,27.2
4607,26.7
4608,26.1
4609,26.7
4610,26.7
4611,27.2
4612,25.6
4613,26.1
4614,26.1
4615,28.3
4616,27.8
4617,28.9
4618,30.6
4619,31.1
4620,31.7
4621,31.7
4622,30.6
4623,30
4624,29.4
4625,28.9
4626,28.9
4627,28.3
4628,24.4
4629,25.6
4630,23.9
4631,23.9
4632,23.9
4633,24.4
4634,25
4635,25.6
4636,24.4
4637,25.6
4638,26.1
4639,27.2
4640,28.3
4641,28.9
4642,28.9
4643,28.9
4644,30.6
4645,30
4646,28.9
4647,27.2
4648,28.3
4649,28.3
4650,28.3
4651,28.3
4652,27.8
4653,27.8
4654,27.8
4655,27.2
4656,27.2
4657,27.2
4658,26.7
4659,26.7
4660,27.2
4661,27.2
4662,27.8
4663,28.9
4664,30
4665,30.6
4666,31.7
4667,32.2
4668,28.9
4669,28.9
4670,23.3
4671,23.9
4672,22.8
4673,22.8
4674,22.8
4675,22.8
4676,23.3
4677,22.8
4678,22.8
4679,22.8
4680,23.3
4681,23.3
4682,22.8
4683,25
4684,26.1
4685,26.1
4686,26.7
4687,27.2
4688,28.9
4689,30
4690,30.6
4691,30.6
4692,31.1
4693,31.1
4694,31.1
4695,30.6
4696,30
4697,28.9
4698,28.3
4699,27.8
4700,27.8
4701,27.2
4702,27.2
4703,26.7
4704,26.7
4705,26.7
4706,26.7
4707,26.7
4708,26.7
4709,27.2
4710,28.3
4711,28.9
4712,29.4
4713,29.4
4714,30.6
4715,30.6
4716,31.1
4717,31.1
4718,31.1
4719,30.6
4720,29.4
4721,28.9
4722,28.3
4723,27.8
4724,27.8
4725,26.7
4726,26.7
4727,26.7
4728,26.1
4729,25.6
4730,25.6
4731,26.1
4732,25.6
4733,26.1
4734,25
4735,26.7
4736,28.9
4737,28.3
4738,27.8
4739,27.8
4740,25.6
4741,26.7
4742,26.7
4743,27.2
4744,28.3
4745,28.3
4746,27.8
4747,27.2
4748,27.2
4749,27.8
4750,27.8
4751,23.3
4752,23.3
4753,23.3
4754,22.8
4755,22.8
4756,23.3
4757,23.9
4758,27.2
4759,28.9
4760,29.4
4761,29.4
4762,30
4763,30.6
4764,31.1
4765,30
4766,30
4767,30.6
4768,30.6
4769,30
4770,28.9
4771,27.8
4772,27.8
4773,27.8
4774,27.8
4775,27.8
4776,27.8
4777,27.2
4778,27.2
4779,26.7
4780,27.2
4781,25.6
4782,27.2
4783,28.9
4784,28.9
4785,30
4786,28.9
4787,30
4788,29.4
4789,27.8
4790,28.3
4791,29.4
4792,29.4
4793,28.9
4794,28.3
4795,28.3
4796,28.3
4797,25.6
4798,26.7
4799,26.1
4800,25.6
4801,25
4802,25.6
4803,26.1
4804,25.6
4805,26.1
4806,27.2
4807,28.9
4808,28.3
4809,30.6
4810,30.6
4811,30
4812,31.1
4813,31.1
4814,31.1
4815,31.1
4816,30.6
4817,30
4818,28.9
4819,28.3
4820,28.3
4821,28.3
4822,27.8
4823,27.8
4824,27.2
4825,26.7
4826,26.7
4827,27.2
4828,27.2
4829,26.7
4830,27.2
4831,28.3
4832,29.4
4833,30.6
4834,31.7
4835,31.7
4836,31.7
4837,31.7
4838,31.7
4839,30.6
4840,30
4841,30.6
4842,28.9
4843,28.3
4844,28.3
4845,27.8
4846,27.8
4847,27.2
4848,27.2
4849,26.7
4850,26.1
4851,25.6
4852,25.6
4853,25.6
4854,26.7
4855,28.9
4856,30
4857,31.1
4858,32.8
4859,33.3
4860,31.1
4861,28.9
4862,31.7
4863,32.2
4864,27.8
4865,26.1
4866,25.6
4867,26.1
4868,26.1
4869,26.1
4870,26.1
4871,26.1
4872,25.6
4873,25.6
4874,25
4875,24.4
4876,24.4
4877,25
4878,26.7
4879,29.4
4880,30.6
4881,30
4882,33.3
4883,32.8
4884,32.2
4885,27.8
4886,28.3
4887,29.4
4888,30.6
4889,29.4
4890,28.9
4891,25.6
4892,25
4893,25
4894,25
4895,25
4896,25
4897,24.4
4898,24.4
4899,24.4
4900,23.9
4901,23.9
4902,25.6
4903,28.9
4904,30
4905,31.7
4906,33.9
4907,32.2
4908,31.1
4909,31.7
4910,32.8
4911,32.2
4912,30.6
4913,28.9
4914,27.2
4915,27.2
4916,27.2
4917,25.6
4918,25.6
4919,25
4920,25.6
4921,25
4922,25
4923,25.6
4924,25.6
4925,25.6
4926,26.7
4927,28.9
4928,30
4929,32.8
4930,33.3
4931,32.2
4932,32.2
4933,32.8
4934,28.9
4935,30.6
4936,30.6
4937,30
4938,29.4
4939,28.9
4940,28.3
4941,28.3
4942,27.8
4943,27.2
4944,26.1
4945,26.1
4946,26.1
4947,26.1
4948,26.1
4949,26.1
4950,26.7
4951,28.3
4952,29.4
4953,31.7
4954,31.7
4955,32.2
4956,33.3
4957,31.7
4958,30
4959,27.8
4960,31.7
4961,30
4962,28.3
4963,28.3
4964,26.7
4965,25.6
4966,25.6
4967,25.6
4968,26.1
4969,25.6
4970,25
4971,25
4972,25
4973,25.6
4974,26.1
4975,27.8
4976,29.4
4977,31.1
4978,31.7
4979,32.2
4980,33.3
4981,33.9
4982,34.4
4983,35
4984,34.4
4985,32.2
4986,30
4987,28.9
4988,29.4
4989,28.3
4990,28.3
4991,27.8
4992,27.2
4993,26.7
4994,26.1
4995,26.1
4996,25.6
4997,25
4998,25
4999,26.7
5000,28.9
5001,30
5002,31.7
5003,32.8
5004,33.9
5005,34.4
5006,35
5007,35
5008,34.4
5009,32.8
5010,28.9
5011,28.3
5012,29.4
5013,28.9
5014,28.3
5015,27.8
5016,27.2
5017,27.2
5018,26.7
5019,26.1
5020,26.1
5021,25.6
5022,26.1
5023,28.3
5024,30
5025,30.6
5026,32.8
5027,33.9
5028,33.9
5029,35
5030,35
5031,35.6
5032,34.4
5033,33.3
5034,32.2
5035,28.3
5036,28.9
5037,28.3
5038,27.8
5039,26.7
5040,26.7
5041,26.1
5042,26.1
5043,25.6
5044,25.6
5045,25.6
5046,26.1
5047,28.3
5048,30
5049,31.1
5050,32.2
5051,33.9
5052,32.8
5053,33.3
5054,33.9
5055,30
5056,29.4
5057,25.6
5058,26.7
5059,26.7
5060,27.2
5061,27.2
5062,27.2
5063,26.7
5064,26.7
5065,26.1
5066,26.1
5067,26.1
5068,26.1
5069,26.1
5070,26.7
5071,28.3
5072,30
5073,31.7
5074,32.8
5075,33.3
5076,31.1
5077,33.3
5078,30.6
5079,29.4
5080,31.1
5081,32.8
5082,30
5083,28.9
5084,28.9
5085,28.8
5086,28.7
5087,28.6
5088,28.6
5089,28.5
5090,28.4
5091,28.3
5092,28.3
5093,28.3
5094,28.3
5095,27.8
5096,28.9
5097,30
5098,30.6
5099,31.1
5100,31.7
5101,30
5102,29.4
5103,29.4
5104,27.8
5105,28.3
5106,28.9
5107,28.3
5108,28.9
5109,28.3
5110,28.3
5111,27.8
5112,27.8
5113,27.8
5114,27.2
5115,27.2
5116,27.2
5117,27.2
5118,27.2
5119,28.9
5120,30
5121,31.1
5122,30.6
5123,31.7
5124,31.7
5125,32.2
5126,31.1
5127,31.1
5128,31.1
5129,30
5130,29.4
5131,28.9
5132,29.4
5133,28.9
5134,28.9
5135,28.9
5136,28.3
5137,27.2
5138,26.7
5139,27.2
5140,26.7
5141,26.7
5142,25
5143,23.9
5144,24.4
5145,25
5146,27.2
5147,30.6
5148,28.3
5149,29.4
5150,29.4
5151,28.3
5152,28.3
5153,28.9
5154,28.3
5155,27.8
5156,28.3
5157,28.3
5158,28.3
5159,27.2
5160,27.2
5161,26.7
5162,26.7
5163,27.2
5164,27.2
5165,26.1
5166,25.6
5167,28.9
5168,30
5169,29.4
5170,30.6
5171,30.6
5172,30.6
5173,30.6
5174,30.6
5175,31.1
5176,30.6
5177,30
5178,28.9
5179,28.3
5180,27.8
5181,27.8
5182,27.8
5183,27.8
5184,27.2
5185,27.2
5186,26.7
5187,26.1
5188,26.1
5189,26.1
5190,27.2
5191,30
5192,30.6
5193,31.1
5194,31.7
5195,31.1
5196,25.6
5197,27.8
5198,29.4
5199,30
5200,28.9
5201,22.8
5202,25
5203,24.4
5204,24.4
5205,25
5206,24.4
5207,24.4
5208,24.4
5209,24.4
5210,24.4
5211,25
5212,24.4
5213,24.4
5214,25
5215,26.7
5216,28.3
5217,29.4
5218,31.1
5219,32.2
5220,33.3
5221,32.2
5222,31.7
5223,28.3
5224,27.8
5225,26.7
5226,25
5227,23.9
5228,23.9
5229,24.4
5230,24.4
5231,24.4
5232,24.4
5233,25.6
5234,25.6
5235,25.6
5236,26.1
5237,25.6
5238,26.1
5239,26.1
5240,27.8
5241,30.6
5242,30.6
5243,31.1
5244,30
5245,27.2
5246,30.6
5247,32.2
5248,32.2
5249,30.6
5250,28.3
5251,26.7
5252,26.7
5253,27.8
5254,27.2
5255,27.2
5256,26.1
5257,26.7
5258,26.1
5259,26.1
5260,26.1
5261,26.1
5262,27.8
5263,29.4
5264,31.1
5265,31.7
5266,32.8
5267,32.8
5268,31.1
5269,30.6
5270,27.8
5271,28.3
5272,28.3
5273,28.3
5274,27.8
5275,28.3
5276,27.2
5277,26.7
5278,26.1
5279,26.1
5280,26.1
5281,25.6
5282,26.1
5283,26.1
5284,26.1
5285,26.1
5286,27.2
5287,29.4
5288,30.6
5289,31.7
5290,31.1
5291,25.6
5292,26.1
5293,28.9
5294,30
5295,30
5296,30.6
5297,30
5298,28.9
5299,27.8
5300,28.3
5301,26.7
5302,26.7
5303,26.7
5304,26.7
5305,25
5306,24.4
5307,25
5308,24.4
5309,25
5310,24.4
5311,24.4
5312,25.6
5313,26.7
5314,27.8
5315,28.3
5316,30.6
5317,31.1
5318,30.6
5319,29.4
5320,28.9
5321,28.9
5322,27.8
5323,28.3
5324,28.3
5325,28.3
5326,27.8
5327,26.7
5328,27.2
5329,27.2
5330,27.2
5331,27.2
5332,27.2
5333,28.3
5334,28.3
5335,29.4
5336,29.4
5337,30
5338,26.7
5339,30
5340,29.4
5341,29.4
5342,30
5343,28.9
5344,28.3
5345,25
5346,25.6
5347,25.6
5348,26.1
5349,24.4
5350,25
5351,23.3
5352,23.9
5353,25.6
5354,24.4
5355,23.9
5356,23.9
5357,23.9
5358,22.2
5359,22.8
5360,22.2
5361,22.8
5362,23.3
5363,23.3
5364,23.9
5365,24.4
5366,23.9
5367,25
5368,26.7
5369,26.7
5370,26.1
5371,26.1
5372,26.1
5373,26.1
5374,25.6
5375,25.6
5376,26.1
5377,26.7
5378,24.4
5379,25.6
5380,25
5381,25
5382,25
5383,26.7
5384,28.9
5385,29.4
5386,30
5387,30.6
5388,30.6
5389,29.4
5390,30
5391,30.6
5392,30
5393,28.9
5394,27.2
5395,27.2
5396,27.8
5397,27.8
5398,27.2
5399,27.2
5400,26.7
5401,26.7
5402,22.8
5403,22.8
5404,23.3
5405,23.3
5406,24.4
5407,26.1
5408,26.7
5409,27.8
5410,28.9
5411,30
5412,30.6
5413,31.7
5414,31.7
5415,30
5416,29.4
5417,29.4
5418,28.3
5419,28.9
5420,28.3
5421,27.8
5422,27.2
5423,27.2
5424,26.7
5425,26.7
5426,27.2
5427,27.8
5428,27.8
5429,27.2
5430,28.3
5431,29.4
5432,30
5433,30
5434,30.6
5435,30.6
5436,30.6
5437,31.1
5438,31.1
5439,31.1
5440,30
5441,30
5442,28.3
5443,28.3
5444,27.2
5445,27.2
5446,27.8
5447,27.2
5448,26.7
5449,27.2
5450,27.2
5451,26.7
5452,26.7
5453,26.7
5454,27.8
5455,28.9
5456,30
5457,30.6
5458,31.1
5459,31.7
5460,31.7
5461,31.7
5462,31.1
5463,31.7
5464,31.1
5465,30
5466,28.9
5467,28.3
5468,27.8
5469,27.8
5470,27.8
5471,27.8
5472,26.7
5473,26.7
5474,26.1
5475,26.7
5476,26.7
5477,26.7
5478,28.3
5479,29.4
5480,30.6
5481,30.6
5482,31.1
5483,31.7
5484,31.7
5485,31.7
5486,31.7
5487,31.7
5488,31.1
5489,30
5490,28.9
5491,28.3
5492,27.8
5493,27.8
5494,28.3
5495,27.8
5496,27.8
5497,28.3
5498,27.8
5499,27.8
5500,27.2
5501,27.2
5502,28.3
5503,29.4
5504,30.6
5505,30.6
5506,31.1
5507,31.7
5508,32.2
5509,32.2
5510,31.7
5511,31.1
5512,30.6
5513,30
5514,28.9
5515,28.9
5516,28.9
5517,28.9
5518,28.9
5519,28.3
5520,28.3
5521,27.8
5522,27.2
5523,27.8
5524,27.8
5525,27.8
5526,28.3
5527,30
5528,30.6
5529,31.1
5530,31.7
5531,31.1
5532,32.2
5533,32.2
5534,31.7
5535,31.7
5536,31.1
5537,29.4
5538,29.4
5539,28.9
5540,28.9
5541,28.3
5542,28.9
5543,28.3
5544,28.3
5545,28.3
5546,28.3
5547,27.8
5548,27.8
5549,27.8
5550,28.9
5551,29.4
5552,29.4
5553,30
5554,31.7
5555,32.2
5556,32.2
5557,32.2
5558,32.2
5559,30.6
5560,30.6
5561,30
5562,28.9
5563,28.9
5564,28.3
5565,28.3
5566,28.3
5567,27.8
5568,27.8
5569,27.8
5570,27.8
5571,27.2
5572,27.2
5573,27.2
5574,28.3
5575,29.4
5576,30.6
5577,31.1
5578,28.9
5579,28.9
5580,26.7
5581,30
5582,30
5583,32.2
5584,30.6
5585,29.4
5586,29.4
5587,28.3
5588,28.3
5589,27.8
5590,27.8
5591,27.2
5592,27.2
5593,26.7
5594,27.2
5595,26.7
5596,27.8
5597,26.7
5598,26.7
5599,29.4
5600,29.4
5601,30
5602,32.2
5603,32.2
5604,32.8
5605,31.1
5606,28.3
5607,28.3
5608,27.8
5609,28.9
5610,28.3
5611,28.3
5612,27.8
5613,27.8
5614,27.2
5615,27.2
5616,26.7
5617,26.7
5618,26.1
5619,27.2
5620,27.2
5621,26.7
5622,27.8
5623,30
5624,30.6
5625,31.7
5626,32.2
5627,33.3
5628,33.9
5629,32.2
5630,31.7
5631,30.6
5632,23.9
5633,25.6
5634,25
5635,26.1
5636,26.7
5637,26.7
5638,26.1
5639,25.6
5640,25.6
5641,25.6
5642,25
5643,25
5644,25
5645,25.6
5646,25.6
5647,26.7
5648,28.3
5649,30.6
5650,31.1
5651,31.7
5652,31.7
5653,32.2
5654,31.1
5655,30.6
5656,28.9
5657,28.9
5658,28.3
5659,28.3
5660,28.3
5661,27.8
5662,27.8
5663,27.8
5664,26.7
5665,25.6
5666,26.1
5667,26.7
5668,26.1
5669,25
5670,24.4
5671,25.6
5672,26.1
5673,26.1
5674,25
5675,25.6
5676,27.8
5677,28.3
5678,28.9
5679,29.4
5680,27.8
5681,27.2
5682,26.1
5683,26.7
5684,26.7
5685,27.2
5686,26.7
5687,27.2
5688,26.7
5689,25
5690,26.1
5691,25.6
5692,25
5693,25
5694,26.1
5695,28.9
5696,30
5697,31.1
5698,31.7
5699,31.7
5700,31.1
5701,31.1
5702,31.1
5703,31.1
5704,30.6
5705,30
5706,29.4
5707,28.9
5708,28.9
5709,28.9
5710,28.9
5711,28.3
5712,26.7
5713,26.7
5714,26.7
5715,26.7
5716,26.7
5717,26.7
5718,27.2
5719,28.9
5720,29.4
5721,31.1
5722,30
5723,30
5724,26.1
5725,26.7
5726,25.6
5727,25.6
5728,26.7
5729,25.6
5730,25
5731,25
5732,25
5733,24.4
5734,25
5735,25.6
5736,25
5737,25
5738,25.6
5739,26.1
5740,26.1
5741,25.6
5742,26.1
5743,23.9
5744,22.8
5745,22.8
5746,22.8
5747,22.2
5748,22.2
5749,22.8
5750,23.9
5751,26.1
5752,26.7
5753,26.1
5754,25.6
5755,25
5756,25.6
5757,25
5758,24.4
5759,24.4
5760,24.4
5761,23.9
5762,23.3
5763,23.9
5764,23.3
5765,22.8
5766,23.9
5767,27.2
5768,28.3
5769,29.4
5770,30
5771,30.6
5772,28.3
5773,28.9
5774,29.4
5775,29.4
5776,30
5777,28.9
5778,27.2
5779,26.7
5780,27.2
5781,27.2
5782,26.1
5783,25
5784,25
5785,25
5786,25
5787,25.6
5788,25
5789,24.4
5790,26.1
5791,28.9
5792,29.4
5793,30.6
5794,31.7
5795,31.1
5796,30
5797,30
5798,30
5799,29.4
5800,28.9
5801,28.3
5802,27.8
5803,26.7
5804,27.8
5805,26.7
5806,26.7
5807,26.7
5808,26.1
5809,25.6
5810,25.6
5811,26.1
5812,25.6
5813,25.6
5814,26.7
5815,29.4
5816,30
5817,30.6
5818,31.1
5819,31.7
5820,31.7
5821,31.7
5822,32.2
5823,31.7
5824,30.6
5825,29.4
5826,28.3
5827,27.8
5828,27.8
5829,27.6
5830,27.3
5831,27.1
5832,26.8
5833,26.6
5834,26.3
5835,26.1
5836,26.1
5837,26.1
5838,26.1
5839,27.8
5840,29.4
5841,30.6
5842,31.1
5843,30.6
5844,31.1
5845,31.1
5846,31.1
5847,31.1
5848,30.6
5849,30
5850,29.4
5851,28.9
5852,28.9
5853,28.9
5854,27.8
5855,27.8
5856,27.8
5857,27.2
5858,26.7
5859,26.7
5860,26.7
5861,26.7
5862,26.7
5863,28.3
5864,26.7
5865,26.1
5866,26.1
5867,25
5868,25
5869,28.9
5870,30.6
5871,30
5872,29.4
5873,30
5874,29.4
5875,28.9
5876,28.3
5877,22.8
5878,28.3
5879,27.8
5880,27.8
5881,27.8
5882,27.2
5883,25.6
5884,25.6
5885,25.6
5886,25.6
5887,27.2
5888,29.4
5889,27.2
5890,28.3
5891,30
5892,26.7
5893,24.4
5894,26.1
5895,26.1
5896,27.2
5897,26.1
5898,25.6
5899,25
5900,25
5901,25
5902,25
5903,25
5904,24.4
5905,24.4
5906,24.4
5907,24.4
5908,24.4
5909,23.9
5910,23.9
5911,26.1
5912,27.8
5913,29.4
5914,28.9
5915,28.9
5916,30
5917,30
5918,30.6
5919,30
5920,25
5921,25.6
5922,23.3
5923,23.9
5924,23.3
5925,22.8
5926,23.9
5927,23.3
5928,23.3
5929,23.3
5930,23.3
5931,23.3
5932,23.3
5933,22.2
5934,23.3
5935,24.4
5936,25
5937,25.6
5938,24.4
5939,26.7
5940,25
5941,29.4
5942,27.8
5943,27.2
5944,24.4
5945,23.9
5946,23.9
5947,23.9
5948,23.9
5949,23.9
5950,23.9
5951,24.4
5952,23.9
5953,23.3
5954,22.8
5955,23.3
5956,22.8
5957,23.3
5958,23.9
5959,25
5960,27.8
5961,29.4
5962,30.6
5963,27.8
5964,27.2
5965,26.7
5966,27.2
5967,28.9
5968,29.4
5969,29.4
5970,28.9
5971,28.9
5972,28.9
5973,26.7
5974,25
5975,24.4
5976,24.4
5977,24.4
5978,24.4
5979,24.4
5980,24.4
5981,23.9
5982,24.4
5983,25
5984,26.1
5985,28.3
5986,30.6
5987,31.1
5988,31.1
5989,26.1
5990,27.2
5991,27.2
5992,28.9
5993,30.6
5994,29.4
5995,28.9
5996,28.3
5997,27.8
5998,25
5999,24.4
6000,24.4
6001,24.4
6002,24.4
6003,24.4
6004,24.4
6005,24.4
6006,24.4
6007,25.6
6008,27.2
6009,28.9
6010,30.6
6011,31.7
6012,31.7
6013,31.7
6014,32.2
6015,32.2
6016,31.7
6017,31.1
6018,30.6
6019,30.6
6020,30
6021,29.4
6022,28.3
6023,27.8
6024,27.8
6025,27.8
6026,27.8
6027,27.8
6028,27.8
6029,27.8
6030,27.8
6031,28.3
6032,28.3
6033,30.6
6034,31.1
6035,31.1
6036,31.7
6037,31.1
6038,30.6
6039,30.6
6040,30.6
6041,30
6042,30
6043,28.9
6044,26.7
6045,25
6046,25
6047,25
6048,24.4
6049,24.4
6050,24.4
6051,24.4
6052,24.4
6053,24.4
6054,25
6055,27.2
6056,28.3
6057,30
6058,30.6
6059,31.1
6060,31.1
6061,31.1
6062,31.1
6063,31.1
6064,31.1
6065,30.6
6066,30
6067,30
6068,30
6069,29.4
6070,29.4
6071,29.4
6072,28.3
6073,28.3
6074,27.2
6075,27.2
6076,27.2
6077,26.7
6078,26.7
6079,27.2
6080,28.9
6081,30.6
6082,31.1
6083,31.7
6084,30.6
6085,27.8
6086,25
6087,26.1
6088,27.2
6089,27.2
6090,26.7
6091,25
6092,25
6093,25
6094,24.4
6095,24.4
6096,24.4
6097,24.4
6098,24.4
6099,24.4
6100,24.4
6101,24.4
6102,24.4
6103,26.1
6104,27.2
6105,28.9
6106,30
6107,31.1
6108,31.7
6109,31.7
6110,31.1
6111,27.2
6112,27.2
6113,27.2
6114,27.2
6115,26.7
6116,26.7
6117,26.1
6118,25
6119,25
6120,25
6121,24.4
6122,24.4
6123,24.4
6124,24.4
6125,24.4
6126,24.4
6127,25.6
6128,28.3
6129,30.6
6130,31.1
6131,31.7
6132,32.2
6133,32.2
6134,31.7
6135,29.4
6136,29.4
6137,27.8
6138,27.2
6139,26.7
6140,26.7
6141,26.1
6142,25.6
6143,25
6144,25
6145,24.4
6146,24.4
6147,24.4
6148,24.4
6149,24.4
6150,24.4
6151,26.7
6152,27.8
6153,30
6154,31.1
6155,31.1
6156,31.1
6157,26.7
6158,26.1
6159,26.7
6160,27.2
6161,27.2
6162,27.2
6163,26.7
6164,24.4
6165,24.4
6166,25
6167,24.4
6168,24.4
6169,24.4
6170,24.4
6171,24.4
6172,24.4
6173,24.4
6174,24.4
6175,25
6176,27.2
6177,27.8
6178,29.4
6179,30
6180,31.1
6181,30
6182,30.6
6183,30.6
6184,30
6185,27.2
6186,26.7
6187,24.4
6188,24.4
6189,24.4
6190,23.9
6191,23.9
6192,23.9
6193,23.9
6194,23.9
6195,23.9
6196,23.9
6197,23.9
6198,23.9
6199,24.4
6200,27.2
6201,28.3
6202,29.4
6203,30
6204,30.6
6205,30.6
6206,30.6
6207,30.6
6208,30.6
6209,29.4
6210,28.9
6211,28.9
6212,28.3
6213,28.3
6214,27.8
6215,26.7
6216,24.4
6217,24.4
6218,24.4
6219,24.4
6220,24.4
6221,24.4
6222,23.9
6223,26.7
6224,28.9
6225,30
6226,30.6
6227,31.1
6228,31.1
6229,31.1
6230,31.1
6231,31.1
6232,31.1
6233,30
6234,29.4
6235,29.4
6236,29.4
6237,28.9
6238,28.9
6239,28.9
6240,28.3
6241,28.3
6242,28.3
6243,27.8
6244,27.8
6245,27.2
6246,27.8
6247,27.2
6248,27.8
6249,29.4
6250,30.6
6251,31.1
6252,31.1
6253,31.1
6254,31.7
6255,31.7
6256,31.1
6257,30.6
6258,29.4
6259,28.9
6260,28.3
6261,28.3
6262,28.3
6263,28.3
6264,27.2
6265,27.2
6266,27.2
6267,27.2
6268,27.2
6269,27.2
6270,27.2
6271,27.2
6272,28.3
6273,29.4
6274,30
6275,30.6
6276,30.6
6277,31.1
6278,31.1
6279,30.6
6280,28.9
6281,29.4
6282,29.4
6283,28.9
6284,27.2
6285,27.2
6286,24.4
6287,24.4
6288,24.4
6289,24.4
6290,25.6
6291,24.4
6292,24.4
6293,24.4
6294,24.4
6295,26.7
6296,28.3
6297,29.4
6298,28.9
6299,30
6300,31.7
6301,32.2
6302,31.7
6303,32.2
6304,30.6
6305,30
6306,28.3
6307,28.3
6308,28.3
6309,27.8
6310,27.8
6311,27.8
6312,27.8
6313,27.8
6314,25
6315,26.7
6316,27.2
6317,27.2
6318,26.7
6319,27.8
6320,29.4
6321,30.6
6322,31.1
6323,31.1
6324,31.1
6325,31.1
6326,31.1
6327,31.1
6328,30.6
6329,29.4
6330,29.4
6331,28.9
6332,28.9
6333,28.9
6334,28.3
6335,27.8
6336,27.8
6337,27.8
6338,27.8
6339,27.8
6340,27.8
6341,27.8
6342,27.8
6343,27.8
6344,28.9
6345,28.9
6346,30.6
6347,31.1
6348,31.7
6349,31.1
6350,30.6
6351,31.1
6352,30
6353,30
6354,28.3
6355,28.3
6356,28.3
6357,28.3
6358,28.3
6359,28.3
6360,28.3
6361,28.3
6362,27.8
6363,27.8
6364,27.8
6365,25.6
6366,25.6
6367,27.8
6368,29.4
6369,27.2
6370,27.2
6371,30
6372,31.1
6373,30.6
6374,30.6
6375,30.6
6376,30.6
6377,30
6378,29.4
6379,29.4
6380,29.4
6381,28.9
6382,28.9
6383,28.9
6384,28.3
6385,27.8
6386,27.2
6387,27.2
6388,26.7
6389,25
6390,25
6391,27.2
6392,29.4
6393,29.4
6394,31.1
6395,31.1
6396,31.1
6397,31.1
6398,30.6
6399,30.6
6400,30
6401,29.4
6402,28.9
6403,27.2
6404,27.2
6405,26.7
6406,26.7
6407,26.7
6408,26.7
6409,24.4
6410,24.4
6411,24.4
6412,24.4
6413,24.4
6414,24.4
6415,24.4
6416,25.6
6417,28.9
6418,28.3
6419,25.6
6420,25.6
6421,27.8
6422,27.8
6423,24.4
6424,24.4
6425,24.4
6426,24.4
6427,23.9
6428,23.9
6429,23.9
6430,23.9
6431,23.9
6432,23.9
6433,23.3
6434,23.3
6435,23.3
6436,23.3
6437,23.3
6438,23.3
6439,24.4
6440,26.7
6441,27.8
6442,29.4
6443,29.4
6444,30.6
6445,31.1
6446,31.1
6447,30.6
6448,30
6449,28.9
6450,28.3
6451,27.8
6452,27.2
6453,27.2
6454,24.4
6455,23.9
6456,23.9
6457,23.9
6458,23.9
6459,23.9
6460,23.3
6461,23.3
6462,23.3
6463,24.4
6464,26.7
6465,28.3
6466,30
6467,31.1
6468,30.6
6469,30.6
6470,29.4
6471,28.9
6472,26.7
6473,23.9
6474,24.4
6475,24.4
6476,24.4
6477,24.4
6478,23.9
6479,23.9
6480,23.9
6481,23.9
6482,23.9
6483,23.9
6484,23.9
6485,23.9
6486,23.9
6487,24.4
6488,26.7
6489,27.8
6490,27.8
6491,28.3
6492,29.4
6493,28.3
6494,29.4
6495,30.6
6496,30
6497,28.9
6498,28.9
6499,28.9
6500,27.8
6501,27.8
6502,27.8
6503,27.8
6504,27.2
6505,26.7
6506,26.7
6507,25
6508,24.4
6509,24.4
6510,24.4
6511,26.1
6512,28.9
6513,28.9
6514,30.6
6515,30.6
6516,31.1
6517,31.1
6518,31.1
6519,30
6520,30
6521,29.4
6522,29.4
6523,28.3
6524,28.3
6525,28.3
6526,28.3
6527,28.3
6528,28.3
6529,28.3
6530,27.8
6531,26.7
6532,24.4
6533,24.4
6534,24.4
6535,27.2
6536,27.8
6537,28.9
6538,29.4
6539,30.6
6540,30.6
6541,31.1
6542,31.1
6543,31.1
6544,30.6
6545,29.4
6546,28.9
6547,28.9
6548,28.9
6549,28.6
6550,28.3
6551,28
6552,27.6
6553,27.3
6554,27
6555,26.7
6556,26.7
6557,25
6558,22.8
6559,22.2
6560,23.9
6561,24.4
6562,28.3
6563,29.4
6564,28.9
6565,28.9
6566,24.4
6567,24.4
6568,25
6569,26.1
6570,25.6
6571,23.9
6572,24.4
6573,24.4
6574,25
6575,25
6576,25.6
6577,26.1
6578,26.7
6579,26.7
6580,26.7
6581,26.7
6582,26.7
6583,28.3
6584,23.9
6585,26.1
6586,28.3
6587,28.9
6588,31.1
6589,31.7
6590,31.1
6591,30
6592,30
6593,28.9
6594,27.8
6595,27.8
6596,27.2
6597,26.7
6598,26.7
6599,26.7
6600,26.7
6601,26.7
6602,26.7
6603,26.7
6604,26.1
6605,26.1
6606,26.1
6607,27.8
6608,28.9
6609,28.9
6610,31.1
6611,31.7
6612,31.7
6613,31.1
6614,31.7
6615,31.1
6616,30.6
6617,29.4
6618,28.3
6619,27.8
6620,27.8
6621,27.8
6622,27.2
6623,26.7
6624,26.7
6625,26.7
6626,26.1
6627,26.1
6628,26.1
6629,26.1
6630,26.7
6631,27.2
6632,25.6
6633,27.2
6634,30
6635,27.2
6636,25
6637,29.4
6638,30
6639,29.4
6640,29.4
6641,27.8
6642,27.8
6643,27.2
6644,26.7
6645,26.1
6646,26.1
6647,26.1
6648,25.6
6649,25
6650,24.4
6651,23.9
6652,23.9
6653,24.4
6654,24.4
6655,26.1
6656,27.2
6657,28.3
6658,29.4
6659,29.4
6660,29.4
6661,30
6662,31.1
6663,30
6664,30
6665,28.9
6666,28.3
6667,27.8
6668,27.2
6669,26.7
6670,26.1
6671,26.1
6672,25.6
6673,25.6
6674,24.4
6675,24.4
6676,24.4
6677,23.9
6678,25
6679,26.7
6680,27.8
6681,30
6682,28.9
6683,30.6
6684,30
6685,28.9
6686,29.4
6687,28.9
6688,27.8
6689,27.8
6690,26.7
6691,26.7
6692,26.7
6693,26.7
6694,26.7
6695,25.6
6696,25.6
6697,25
6698,25
6699,25
6700,25
6701,24.4
6702,25
6703,27.8
6704,28.9
6705,30
6706,31.7
6707,30
6708,30
6709,30
6710,29.4
6711,28.9
6712,28.3
6713,27.8
6714,27.2
6715,27.8
6716,27.2
6717,26.7
6718,26.7
6719,26.7
6720,25
6721,25.6
6722,25.6
6723,26.1
6724,25
6725,25
6726,25
6727,25.6
6728,26.7
6729,28.3
6730,27.8
6731,28.9
6732,28.9
6733,29.4
6734,29.4
6735,28.9
6736,28.3
6737,27.2
6738,26.7
6739,26.7
6740,26.1
6741,25.6
6742,26.1
6743,25.6
6744,25
6745,25
6746,24.4
6747,25
6748,24.4
6749,24.4
6750,24.4
6751,27.2
6752,28.3
6753,29.4
6754,32.2
6755,28.3
6756,27.8
6757,30
6758,30.6
6759,29.4
6760,28.9
6761,27.8
6762,27.2
6763,27.2
6764,27.2
6765,27.2
6766,26.7
6767,25
6768,24.4
6769,23.9
6770,23.9
6771,24.4
6772,23.9
6773,23.9
6774,24.4
6775,27.2
6776,27.8
6777,30
6778,30
6779,29.4
6780,23.3
6781,26.1
6782,27.2
6783,28.3
6784,28.3
6785,27.2
6786,26.7
6787,26.1
6788,26.7
6789,26.1
6790,26.1
6791,24.4
6792,24.4
6793,23.9
6794,24.4
6795,23.9
6796,23.9
6797,25
6798,24.4
6799,27.2
6800,28.3
6801,29.4
6802,30.6
6803,31.1
6804,30
6805,30
6806,29.4
6807,26.1
6808,25.6
6809,25
6810,25.6
6811,26.1
6812,26.1
6813,26.1
6814,25.6
6815,24.4
6816,24.4
6817,24.4
6818,23.9
6819,24.4
6820,25.6
6821,25
6822,26.1
6823,27.8
6824,27.8
6825,27.8
6826,30
6827,30.6
6828,30.6
6829,28.3
6830,30
6831,27.8
6832,27.2
6833,27.8
6834,26.1
6835,26.7
6836,26.1
6837,26.1
6838,25.6
6839,25
6840,24.4
6841,25
6842,25
6843,25
6844,25
6845,25
6846,25.6
6847,28.3
6848,28.9
6849,30
6850,30
6851,30.6
6852,28.3
6853,28.3
6854,29.4
6855,23.9
6856,24.4
6857,24.4
6858,24.4
6859,24.4
6860,25
6861,24.4
6862,24.4
6863,23.9
6864,23.3
6865,23.3
6866,22.8
6867,23.3
6868,23.9
6869,24.4
6870,24.4
6871,26.1
6872,27.8
6873,29.4
6874,30
6875,30.6
6876,32.2
6877,31.7
6878,30.6
6879,31.7
6880,28.9
6881,26.1
6882,26.1
6883,26.7
6884,26.7
6885,26.1
6886,26.1
6887,26.1
6888,25.6
6889,25.6
6890,24.4
6891,24.4
6892,24.4
6893,23.9
6894,24.4
6895,24.4
6896,25.6
6897,26.1
6898,27.8
6899,27.8
6900,28.9
6901,28.9
6902,29.4
6903,28.9
6904,28.3
6905,27.2
6906,26.7
6907,25
6908,23.9
6909,23.3
6910,22.8
6911,22.2
6912,21.7
6913,21.7
6914,21.7
6915,21.7
6916,22.2
6917,22.2
6918,22.2
6919,23.9
6920,25
6921,27.8
6922,27.8
6923,27.2
6924,28.3
6925,27.8
6926,27.8
6927,28.3
6928,26.7
6929,26.7
6930,25.6
6931,25
6932,25.6
6933,25.6
6934,25.6
6935,25.6
6936,25.6
6937,25
6938,24.4
6939,24.4
6940,23.9
6941,23.9
6942,23.3
6943,25.6
6944,26.7
6945,27.2
6946,27.2
6947,27.8
6948,27.8
6949,27.8
6950,27.2
6951,26.7
6952,26.1
6953,25.6
6954,25
6955,24.4
6956,24.4
6957,24.4
6958,24.4
6959,24.4
6960,25
6961,23.9
6962,24.4
6963,23.9
6964,24.4
6965,25
6966,25
6967,26.1
6968,26.7
6969,26.7
6970,26.7
6971,27.8
6972,27.8
6973,27.8
6974,27.2
6975,27.2
6976,26.7
6977,26.1
6978,26.1
6979,25
6980,25.6
6981,25.6
6982,25.6
6983,25
6984,25
6985,25.6
6986,23.9
6987,23.3
6988,23.3
6989,23.3
6990,23.3
6991,26.1
6992,26.7
6993,27.2
6994,28.3
6995,28.3
6996,28.3
6997,27.8
6998,28.3
6999,27.2
7000,26.7
7001,25.6
7002,25
7003,25
7004,24.4
7005,23.9
7006,23.3
7007,22.8
7008,22.8
7009,22.2
7010,21.7
7011,21.7
7012,21.7
7013,21.7
7014,22.2
7015,24.4
7016,27.2
7017,28.3
7018,28.9
7019,27.8
7020,27.8
7021,27.8
7022,27.2
7023,27.2
7024,26.7
7025,25.6
7026,25.6
7027,25.6
7028,26.1
7029,25
7030,25
7031,24.4
7032,23.3
7033,22.8
7034,23.3
7035,22.8
7036,23.3
7037,23.3
7038,23.3
7039,26.1
7040,27.8
7041,28.3
7042,29.4
7043,28.3
7044,28.9
7045,29.4
7046,28.9
7047,28.3
7048,27.2
7049,25.6
7050,24.4
7051,25
7052,23.3
7053,25
7054,25
7055,23.9
7056,22.8
7057,22.8
7058,22.8
7059,22.8
7060,22.2
7061,22.2
7062,22.2
7063,25.6
7064,27.2
7065,28.3
7066,28.9
7067,28.3
7068,28.9
7069,28.9
7070,29.4
7071,28.3
7072,27.2
7073,26.1
7074,26.1
7075,26.7
7076,25.6
7077,25.6
7078,25
7079,25
7080,23.9
7081,24.4
7082,24.4
7083,23.3
7084,23.9
7085,22.8
7086,22.8
7087,26.1
7088,28.3
7089,28.9
7090,30.6
7091,31.1
7092,30
7093,28.9
7094,28.3
7095,28.9
7096,27.8
7097,27.2
7098,26.7
7099,26.7
7100,26.7
7101,26.1
7102,25
7103,24.4
7104,23.3
7105,22.8
7106,22.8
7107,23.9
7108,23.3
7109,22.8
7110,23.3
7111,26.1
7112,27.8
7113,28.9
7114,28.9
7115,30
7116,30
7117,30
7118,29.4
7119,28.9
7120,27.8
7121,26.7
7122,25.6
7123,25.6
7124,26.1
7125,25
7126,25
7127,24.4
7128,24.4
7129,23.3
7130,22.8
7131,23.3
7132,22.8
7133,22.8
7134,23.3
7135,25
7136,27.2
7137,28.9
7138,28.9
7139,30
7140,30
7141,30.6
7142,29.4
7143,28.3
7144,27.8
7145,26.7
7146,26.7
7147,26.7
7148,26.7
7149,26.1
7150,25
7151,24.4
7152,23.9
7153,23.9
7154,24.4
7155,23.3
7156,23.9
7157,23.3
7158,23.3
7159,25.6
7160,27.8
7161,28.9
7162,28.9
7163,28.9
7164,29.4
7165,21.7
7166,23.9
7167,26.7
7168,25
7169,24.4
7170,25
7171,25
7172,24.4
7173,24.4
7174,23.9
7175,23.9
7176,23.3
7177,23.3
7178,23.3
7179,22.8
7180,22.8
7181,22.8
7182,23.9
7183,25.6
7184,27.2
7185,28.3
7186,27.2
7187,26.7
7188,27.2
7189,25
7190,25.6
7191,25.6
7192,25.6
7193,25
7194,24.4
7195,23.9
7196,23.9
7197,23.9
7198,23.3
7199,22.8
7200,22.2
7201,21.7
7202,21.1
7203,21.1
7204,21.7
7205,21.7
7206,21.7
7207,22.8
7208,25
7209,26.7
7210,29.4
7211,28.3
7212,29.4
7213,28.9
7214,28.3
7215,28.9
7216,27.8
7217,26.7
7218,26.7
7219,26.1
7220,26.1
7221,25.6
7222,25.6
7223,25
7224,24.4
7225,24.4
7226,24.4
7227,25
7228,25
7229,25
7230,25.6
7231,27.2
7232,28.9
7233,29.4
7234,30.6
7235,30.6
7236,30
7237,30
7238,30
7239,29.4
7240,28.3
7241,27.8
7242,27.2
7243,27.2
7244,27.2
7245,26.7
7246,27.2
7247,26.7
7248,26.7
7249,26.7
7250,26.7
7251,26.1
7252,27.2
7253,26.7
7254,26.7
7255,26.7
7256,28.3
7257,29.4
7258,29.4
7259,29.4
7260,29.4
7261,29.4
7262,30
7263,28.9
7264,28.9
7265,27.8
7266,27.2
7267,27.2
7268,26.7
7269,26.7
7270,26.7
7271,26.1
7272,26.1
7273,26.7
7274,23.9
7275,22.8
7276,22.2
7277,21.7
7278,22.8
7279,24.4
7280,25
7281,25.6
7282,26.1
7283,26.1
7284,25.6
7285,25.6
7286,26.7
7287,27.2
7288,26.7
7289,25.6
7290,25.6
7291,25
7292,24.4
7293,23.8
7294,23.1
7295,22.5
7296,21.9
7297,21.3
7298,20.6
7299,20
7300,19.4
7301,19.4
7302,19.4
7303,19.4
7304,21.7
7305,23.9
7306,26.1
7307,26.7
7308,26.7
7309,27.2
7310,27.2
7311,26.7
7312,26.7
7313,26.1
7314,25.6
7315,23.9
7316,23.3
7317,21.7
7318,21.7
7319,21.1
7320,21.1
7321,20.6
7322,20.6
7323,20.6
7324,20
7325,19.4
7326,19.4
7327,21.1
7328,24.4
7329,26.7
7330,27.2
7331,27.8
7332,27.8
7333,28.3
7334,28.3
7335,28.3
7336,27.8
7337,27.2
7338,26.7
7339,26.7
7340,26.1
7341,25.6
7342,25.6
7343,25
7344,25
7345,24.4
7346,24.4
7347,24.4
7348,24.4
7349,24.4
7350,24.4
7351,25.6
7352,27.2
7353,27.8
7354,28.3
7355,28.3
7356,29.4
7357,29.4
7358,28.3
7359,28.3
7360,27.8
7361,27.8
7362,26.1
7363,26.1
7364,26.7
7365,26.7
7366,26.7
7367,26.7
7368,26.7
7369,25.6
7370,25
7371,25
7372,25
7373,25.6
7374,25.6
7375,26.1
7376,27.2
7377,27.8
7378,28.3
7379,28.3
7380,28.3
7381,27.8
7382,26.1
7383,27.8
7384,27.2
7385,26.7
7386,26.7
7387,26.7
7388,26.1
7389,26.7
7390,26.1
7391,26.1
7392,26.1
7393,26.1
7394,26.1
7395,26.1
7396,26.1
7397,26.1
7398,25
7399,25
7400,25
7401,25.6
7402,26.1
7403,26.7
7404,27.2
7405,27.2
7406,27.8
7407,27.8
7408,27.8
7409,26.7
7410,26.1
7411,25
7412,24.4
7413,23.3
7414,23.3
7415,22.8
7416,22.2
7417,22.2
7418,22.2
7419,21.7
7420,21.1
7421,21.1
7422,20.6
7423,20.6
7424,22.2
7425,24.4
7426,26.1
7427,26.7
7428,27.2
7429,27.2
7430,27.2
7431,27.8
7432,27.8
7433,26.7
7434,25.6
7435,23.3
7436,22.8
7437,22.2
7438,22.2
7439,21.1
7440,21.1
7441,20.6
7442,20.6
7443,20.6
7444,20
7445,20
7446,20.6
7447,21.1
7448,23.9
7449,25.6
7450,26.7
7451,27.2
7452,27.8
7453,28.3
7454,28.3
7455,28.3
7456,27.8
7457,26.1
7458,25.6
7459,25.6
7460,25
7461,24.4
7462,24.4
7463,23.3
7464,22.8
7465,22.2
7466,22.2
7467,21.7
7468,21.1
7469,21.1
7470,21.1
7471,21.1
7472,22.8
7473,25.6
7474,26.7
7475,27.8
7476,28.9
7477,28.3
7478,28.9
7479,28.3
7480,27.2
7481,26.7
7482,26.1
7483,26.1
7484,25.6
7485,25.6
7486,25
7487,25
7488,24.4
7489,24.4
7490,23.9
7491,21.1
7492,21.1
7493,20.6
7494,21.1
7495,22.2
7496,26.1
7497,26.7
7498,26.7
7499,26.7
7500,26.7
7501,27.2
7502,27.8
7503,27.8
7504,25
7505,25
7506,25
7507,25
7508,25
7509,25
7510,25
7511,25.6
7512,25.6
7513,25
7514,23.9
7515,23.9
7516,23.9
7517,22.8
7518,22.2
7519,23.9
7520,25.6
7521,26.7
7522,27.2
7523,27.2
7524,27.2
7525,28.9
7526,28.9
7527,28.3
7528,27.8
7529,27.2
7530,26.7
7531,26.7
7532,24.4
7533,23.3
7534,22.8
7535,21.1
7536,20
7537,18.3
7538,17.8
7539,17.2
7540,17.2
7541,16.1
7542,14.4
7543,13.9
7544,14.4
7545,18.3
7546,19.4
7547,20
7548,21.1
7549,22.2
7550,22.2
7551,22.2
7552,22.2
7553,21.1
7554,20
7555,18.3
7556,17.8
7557,17.2
7558,16.7
7559,16.1
7560,16.1
7561,15.6
7562,15
7563,15
7564,14.4
7565,13.9
7566,13.9
7567,13.9
7568,14.4
7569,16.1
7570,18.3
7571,19.4
7572,20
7573,21.1
7574,21.1
7575,20
7576,20
7577,18.3
7578,17.2
7579,16.1
7580,15
7581,15
7582,14.4
7583,14.4
7584,13.9
7585,13.9
7586,13.3
7587,12.8
7588,12.8
7589,12.2
7590,12.2
7591,12.8
7592,16.1
7593,19.4
7594,21.1
7595,23.3
7596,24.4
7597,24.4
7598,24.4
7599,24.4
7600,23.9
7601,23.9
7602,22.8
7603,22.2
7604,22.2
7605,21.7
7606,21.7
7607,21.7
7608,21.7
7609,21.7
7610,21.1
7611,21.1
7612,18.3
7613,17.2
7614,17.8
7615,20
7616,20.6
7617,22.2
7618,22.8
7619,23.9
7620,23.9
7621,23.9
7622,23.9
7623,23.3
7624,23.3
7625,22.2
7626,21.7
7627,21.1
7628,19.4
7629,18.3
7630,18.3
7631,18.3
7632,17.8
7633,17.2
7634,17.2
7635,19.4
7636,20.6
7637,18.9
7638,18.3
7639,19.4
7640,23.9
7641,24.4
7642,25.6
7643,26.1
7644,26.1
7645,25.6
7646,26.1
7647,26.1
7648,25.6
7649,24.4
7650,24.4
7651,23.3
7652,22.8
7653,22.8
7654,22.8
7655,22.8
7656,23.3
7657,22.8
7658,22.8
7659,22.2
7660,22.2
7661,21.1
7662,21.1
7663,21.7
7664,24.4
7665,26.1
7666,26.7
7667,27.2
7668,27.2
7669,27.2
7670,27.2
7671,27.2
7672,26.7
7673,25.6
7674,25
7675,24.4
7676,24.4
7677,23.9
7678,23.9
7679,23.9
7680,23.3
7681,23.3
7682,22.8
7683,21.7
7684,21.7
7685,21.1
7686,21.7
7687,22.8
7688,25.6
7689,26.7
7690,27.8
7691,27.8
7692,28.9
7693,28.9
7694,30
7695,29.4
7696,27.8
7697,26.7
7698,26.1
7699,26.1
7700,26.1
7701,25
7702,24.4
7703,22.8
7704,22.8
7705,22.2
7706,21.1
7707,20.6
7708,20.6
7709,20.6
7710,20
7711,20.6
7712,21.7
7713,23.9
7714,27.2
7715,27.8
7716,27.8
7717,27.8
7718,27.2
7719,27.2
7720,26.7
7721,26.1
7722,25.6
7723,24.4
7724,23.9
7725,23.3
7726,22.2
7727,21.7
7728,21.7
7729,21.7
7730,21.7
7731,22.8
7732,22.2
7733,21.7
7734,21.7
7735,21.7
7736,25
7737,26.1
7738,26.7
7739,26.7
7740,26.7
7741,26.7
7742,26.7
7743,26.7
7744,26.7
7745,25.6
7746,25.6
7747,25.6
7748,25
7749,25
7750,25
7751,24.4
7752,24.4
7753,24.4
7754,24.4
7755,24.4
7756,24.4
7757,24.4
7758,24.4
7759,24.4
7760,25
7761,26.1
7762,26.7
7763,26.7
7764,26.7
7765,26.7
7766,26.7
7767,26.7
7768,26.7
7769,26.1
7770,26.1
7771,25.6
7772,25.6
7773,25.6
7774,25.6
7775,25.6
7776,25.6
7777,25.6
7778,25.6
7779,25.6
7780,25.6
7781,25.6
7782,25
7783,26.1
7784,26.7
7785,26.7
7786,26.7
7787,26.7
7788,27.2
7789,27.2
7790,27.2
7791,27.2
7792,26.7
7793,26.1
7794,26.1
7795,23.9
7796,23.3
7797,24.4
7798,24.4
7799,24.4
7800,22.2
7801,22.8
7802,22.8
7803,23.3
7804,23.3
7805,23.3
7806,23.3
7807,23.9
7808,25.6
7809,26.7
7810,27.2
7811,27.2
7812,27.8
7813,27.8
7814,27.8
7815,27.8
7816,27.2
7817,26.7
7818,26.7
7819,26.7
7820,26.7
7821,26.7
7822,26.1
7823,26.1
7824,25.6
7825,25.6
7826,25.6
7827,25.6
7828,25.6
7829,25.6
7830,25.6
7831,25
7832,25.6
7833,26.1
7834,26.7
7835,27.2
7836,27.2
7837,27.2
7838,27.2
7839,27.2
7840,26.7
7841,26.7
7842,26.7
7843,26.7
7844,26.7
7845,26.1
7846,26.1
7847,25.6
7848,25.6
7849,23.3
7850,22.8
7851,21.7
7852,21.1
7853,21.1
7854,21.1
7855,21.1
7856,21.7
7857,21.7
7858,21.7
7859,21.1
7860,21.1
7861,22.2
7862,22.8
7863,23.3
7864,23.3
7865,23.3
7866,22.8
7867,21.7
7868,21.1
7869,20.6
7870,20.6
7871,20.6
7872,20
7873,20
7874,19.4
7875,19.4
7876,19.4
7877,19.4
7878,19.4
7879,20
7880,20.6
7881,21.7
7882,22.8
7883,24.4
7884,26.7
7885,26.7
7886,27.2
7887,27.2
7888,26.7
7889,25.6
7890,23.9
7891,22.8
7892,21.7
7893,21.1
7894,21.1
7895,20.6
7896,20.6
7897,20
7898,18.9
7899,18.3
7900,18.3
7901,18.3
7902,18.3
7903,18.9
7904,19.4
7905,20
7906,21.1
7907,21.1
7908,21.7
7909,21.7
7910,21.7
7911,21.7
7912,21.1
7913,19.4
7914,18.3
7915,17.2
7916,16.7
7917,15
7918,13.3
7919,11.7
7920,11.1
7921,10.6
7922,10
7923,10
7924,10
7925,10
7926,10
7927,12.2
7928,15
7929,18.9
7930,22.2
7931,23.3
7932,23.9
7933,23.9
7934,23.9
7935,23.9
7936,23.3
7937,22.2
7938,22.2
7939,22.2
7940,21.7
7941,21.7
7942,21.7
7943,21.7
7944,22.2
7945,22.2
7946,21.7
7947,21.1
7948,21.1
7949,20.6
7950,20.6
7951,21.1
7952,23.3
7953,25.6
7954,25.6
7955,26.1
7956,26.1
7957,26.7
7958,26.7
7959,26.7
7960,26.1
7961,25.6
7962,25
7963,25
7964,25
7965,25
7966,25
7967,25
7968,25
7969,25
7970,25
7971,25
7972,25
7973,25
7974,25
7975,25
7976,25.6
7977,26.1
7978,26.1
7979,26.7
7980,26.7
7981,26.7
7982,26.7
7983,26.7
7984,26.7
7985,26.7
7986,26.7
7987,26.7
7988,26.7
7989,26.7
7990,26.1
7991,26.1
7992,26.1
7993,26.1
7994,26.1
7995,26.1
7996,26.1
7997,25.6
7998,25.6
7999,25.6
8000,26.1
8001,26.7
8002,26.7
8003,27.2
8004,27.2
8005,27.2
8006,27.2
8007,27.8
8008,27.8
8009,27.2
8010,26.7
8011,26.1
8012,26.1
8013,25.5
8014,24.8
8015,24.2
8016,23.6
8017,23
8018,22.3
8019,21.7
8020,22.2
8021,23.3
8022,23.3
8023,23.3
8024,24.4
8025,25.6
8026,25
8027,26.1
8028,26.1
8029,26.1
8030,26.1
8031,26.7
8032,25
8033,23.9
8034,23.9
8035,23.3
8036,21.7
8037,21.7
8038,21.7
8039,21.1
8040,20.6
8041,20
8042,19.4
8043,19.4
8044,20.6
8045,20
8046,20.6
8047,21.7
8048,22.8
8049,25
8050,26.1
8051,25.6
8052,26.1
8053,26.7
8054,26.7
8055,25.6
8056,25
8057,23.9
8058,22.8
8059,22.8
8060,22.8
8061,22.2
8062,20.6
8063,20.6
8064,20.6
8065,20.6
8066,20
8067,20
8068,20
8069,19.4
8070,19.4
8071,20
8072,21.1
8073,21.1
8074,22.2
8075,23.3
8076,23.9
8077,24.4
8078,24.4
8079,24.4
8080,23.9
8081,22.2
8082,21.7
8083,21.1
8084,20.6
8085,19.4
8086,19.4
8087,18.9
8088,18.3
8089,18.3
8090,17.8
8091,17.2
8092,16.7
8093,17.2
8094,17.2
8095,18.9
8096,19.4
8097,21.7
8098,22.8
8099,25.6
8100,25.6
8101,25.6
8102,26.1
8103,25.6
8104,25
8105,23.3
8106,22.8
8107,22.2
8108,21.1
8109,21.7
8110,21.1
8111,20
8112,20
8113,20
8114,20
8115,20
8116,19.4
8117,18.9
8118,18.3
8119,20
8120,21.7
8121,24.4
8122,25.6
8123,26.1
8124,26.7
8125,25.6
8126,26.1
8127,25.6
8128,24.4
8129,23.9
8130,22.8
8131,22.8
8132,22.8
8133,21.7
8134,21.1
8135,21.1
8136,21.1
8137,20.6
8138,20.6
8139,20
8140,21.1
8141,21.7
8142,22.2
8143,23.9
8144,25
8145,26.1
8146,25.6
8147,26.1
8148,26.7
8149,26.1
8150,26.1
8151,26.1
8152,25.6
8153,25
8154,23.9
8155,23.9
8156,24.4
8157,23.9
8158,23.9
8159,23.9
8160,23.9
8161,23.3
8162,23.3
8163,23.3
8164,23.3
8165,22.8
8166,23.3
8167,23.9
8168,25.6
8169,25.6
8170,26.7
8171,26.7
8172,26.7
8173,26.7
8174,27.2
8175,26.7
8176,25.6
8177,25
8178,24.4
8179,24.4
8180,23.9
8181,23.9
8182,23.3
8183,23.9
8184,23.3
8185,23.3
8186,22.8
8187,22.8
8188,23.3
8189,22.8
8190,22.8
8191,22.8
8192,25
8193,26.1
8194,27.2
8195,27.2
8196,27.2
8197,27.8
8198,27.2
8199,27.2
8200,25.6
8201,25
8202,25
8203,24.4
8204,24.4
8205,23.9
8206,24.4
8207,25
8208,24.4
8209,24.4
8210,24.4
8211,24.4
8212,25
8213,25
8214,24.4
8215,24.4
8216,26.1
8217,26.7
8218,27.2
8219,27.2
8220,27.2
8221,27.2
8222,26.7
8223,26.1
8224,25.6
8225,25
8226,25
8227,25
8228,24.4
8229,23.9
8230,23.9
8231,23.3
8232,22.8
8233,22.2
8234,22.2
8235,22.2
8236,22.2
8237,22.8
8238,22.8
8239,23.3
8240,25.6
8241,27.2
8242,27.2
8243,27.8
8244,28.3
8245,28.9
8246,28.9
8247,28.3
8248,27.2
8249,26.1
8250,25.6
8251,25
8252,24.4
8253,24.4
8254,23.9
8255,23.3
8256,22.8
8257,22.8
8258,22.2
8259,22.2
8260,22.2
8261,22.2
8262,22.2
8263,21.7
8264,22.2
8265,22.8
8266,23.3
8267,23.3
8268,24.4
8269,25.6
8270,25
8271,23.9
8272,22.8
8273,21.1
8274,20.6
8275,19.4
8276,18.9
8277,18.3
8278,17.8
8279,16.7
8280,15.6
8281,15
8282,14.4
8283,13.3
8284,12.2
8285,12.2
8286,11.1
8287,11.7
8288,12.8
8289,14.4
8290,16.1
8291,17.2
8292,17.8
8293,18.9
8294,18.3
8295,18.3
8296,17.2
8297,16.7
8298,16.1
8299,15.6
8300,15
8301,15
8302,13.9
8303,12.8
8304,11.7
8305,11.1
8306,10
8307,10.6
8308,11.1
8309,12.2
8310,12.2
8311,13.9
8312,15.6
8313,17.2
8314,18.9
8315,19.4
8316,21.1
8317,21.1
8318,21.7
8319,21.1
8320,20.6
8321,20
8322,18.9
8323,17.8
8324,16.1
8325,16.7
8326,16.1
8327,15.6
8328,15.6
8329,16.1
8330,15.6
8331,15
8332,15.6
8333,15.6
8334,15.6
8335,16.7
8336,20
8337,21.7
8338,22.8
8339,23.9
8340,24.4
8341,25
8342,22.8
8343,21.1
8344,20
8345,19.4
8346,17.8
8347,17.2
8348,15
8349,13.9
8350,12.2
8351,11.1
8352,10.6
8353,9.4
8354,8.9
8355,8.3
8356,7.8
8357,7.8
8358,7.8
8359,8.3
8360,10.6
8361,12.8
8362,13.9
8363,15.6
8364,18.3
8365,18.9
8366,20
8367,19.4
8368,18.9
8369,18.3
8370,17.8
8371,16.1
8372,15
8373,13.9
8374,12.8
8375,12.2
8376,11.7
8377,11.7
8378,11.7
8379,11.7
8380,11.7
8381,11.7
8382,11.7
8383,12.8
8384,13.9
8385,17.2
8386,20.6
8387,21.1
8388,21.7
8389,22.8
8390,21.7
8391,21.7
8392,20
8393,19.4
8394,19.4
8395,20
8396,20
8397,20
8398,18.9
8399,17.8
8400,17.8
8401,17.2
8402,17.2
8403,17.2
8404,17.2
8405,16.7
8406,17.2
8407,17.8
8408,18.3
8409,18.9
8410,19.4
8411,18.9
8412,19.4
8413,20
8414,21.1
8415,20
8416,19.4
8417,18.9
8418,18.3
8419,17.8
8420,17.8
8421,17.8
8422,17.8
8423,17.8
8424,17.8
8425,17.2
8426,17.8
8427,17.2
8428,17.2
8429,17.2
8430,17.8
8431,18.3
8432,18.9
8433,21.7
8434,22.2
8435,23.3
8436,23.3
8437,25
8438,25
8439,25
8440,23.9
8441,22.8
8442,22.2
8443,21.1
8444,20
8445,19.4
8446,19.4
8447,18.9
8448,18.3
8449,18.3
8450,17.8
8451,18.3
8452,17.8
8453,17.2
8454,16.7
8455,16.1
8456,15.6
8457,15.6
8458,16.1
8459,18.3
8460,19.4
8461,19.4
8462,19.4
8463,20.6
8464,20
8465,18.9
8466,18.3
8467,17.8
8468,16.7
8469,16.1
8470,15.6
8471,15.6
8472,15
8473,14.4
8474,13.3
8475,12.2
8476,13.3
8477,13.3
8478,11.7
8479,11.1
8480,12.2
8481,12.8
8482,13.3
8483,13.3
8484,13.9
8485,14.4
8486,15
8487,15
8488,14.4
8489,13.9
8490,12.8
8491,11.7
8492,11.1
8493,10.6
8494,10
8495,10
8496,10
8497,10
8498,10
8499,10.6
8500,10.6
8501,11.1
8502,11.7
8503,12.8
8504,15
8505,18.9
8506,20
8507,20
8508,21.7
8509,21.7
8510,21.1
8511,20.6
8512,20
8513,19.4
8514,18.3
8515,18.9
8516,17.8
8517,17.2
8518,18.9
8519,18.9
8520,17.8
8521,18.3
8522,17.8
8523,18.9
8524,18.3
8525,17.8
8526,17.8
8527,19.4
8528,22.2
8529,23.3
8530,24.4
8531,25
8532,25
8533,25
8534,23.9
8535,23.9
8536,22.8
8537,22.8
8538,22.8
8539,22.8
8540,22.8
8541,22.8
8542,22.2
8543,22.8
8544,22.8
8545,22.8
8546,22.2
8547,22.2
8548,22.8
8549,22.8
8550,22.8
8551,23.3
8552,23.9
8553,24.4
8554,25
8555,25
8556,25
8557,25.6
8558,25.6
8559,25
8560,24.4
8561,23.9
8562,23.3
8563,22.8
8564,22.8
8565,22.8
8566,22.8
8567,22.8
8568,22.2
8569,22.2
8570,22.2
8571,22.2
8572,21.7
8573,22.2
8574,21.7
8575,22.2
8576,23.9
8577,25.6
8578,26.7
8579,27.2
8580,26.7
8581,27.2
8582,27.2
8583,26.1
8584,25.6
8585,25.6
8586,24.4
8587,23.9
8588,23
8589,21.1
8590,20.6
8591,19.4
8592,18.3
8593,18.3
8594,17.8
8595,17.2
8596,17.2
8597,17.2
8598,17.2
8599,17.8
8600,18.9
8601,21.1
8602,23.9
8603,25.6
8604,26.7
8605,26.7
8606,26.1
8607,26.1
8608,25
8609,24.4
8610,23.9
8611,23.3
8612,23.3
8613,23.3
8614,23.3
8615,23.9
8616,23.9
8617,23.9
8618,23.9
8619,23.3
8620,22.8
8621,20.6
8622,18.9
8623,18.3
8624,18.3
8625,18.9
8626,20
8627,20
8628,19.4
8629,19.4
8630,19.4
8631,18.3
8632,17.2
8633,15
8634,13.9
8635,13.3
8636,12.8
8637,12.2
8638,11.7
8639,10.6
8640,10.6
8641,10
8642,10
8643,9.4
8644,9.4
8645,8.9
8646,8.9
8647,9.4
8648,11.1
8649,13.3
8650,15
8651,17.8
8652,19.4
8653,20
8654,20.6
8655,20
8656,20
8657,20
8658,18.3
8659,17.8
8660,17.2
8661,16.7
8662,16.7
8663,16.1
8664,15.6
8665,16.1
8666,15.6
8667,15.6
8668,16.1
8669,16.1
8670,18.9
8671,19.4
8672,20
8673,19.4
8674,21.7
8675,21.1
8676,20.6
8677,21.1
8678,20
8679,20
8680,19.4
8681,20
8682,20
8683,19.4
8684,20
8685,20
8686,20
8687,20
8688,19.4
8689,19.4
8690,20
8691,19.4
8692,20
8693,19.4
8694,19.4
8695,20
8696,20.6
8697,18.9
8698,21.1
8699,21.1
8700,21.7
8701,21.7
8702,21.7
8703,21.1
8704,21.1
8705,20.6
8706,19.4
8707,18.9
8708,20
8709,18.9
8710,18.9
8711,20
8712,20.6
8713,19.4
8714,19.4
8715,19.4
8716,18.9
8717,19.4
8718,19.4
8719,19.4
8720,20
8721,21.7
8722,22.2
8723,23.9
8724,25
8725,23.9
8726,22.8
8727,22.8
8728,20.6
8729,20.6
8730,20
8731,21.1
8732,21.1
8733,20.6
8734,20.6
8735,20.6
8736,21.1
8737,21.1
8738,20.6
8739,20.6
8740,21.1
8741,20.6
8742,20.6
8743,20.6
8744,22.8
8745,22.8
8746,20.6
8747,23.9
8748,23.3
8749,24.4
8750,22.8
8751,22.8
8752,21.1
8753,21.1
8754,20.6
8755,21
8756,21
8757,21.7
8758,22
8759,22
