,Unnamed: 0,Time_s,SOC
0,0,0,0.95
1,300,300,0.949294898
2,600,600,0.948589797
3,900,900,0.947884695
4,1200,1200,0.947179594
5,1500,1500,0.946474492
6,1800,1800,0.945769391
7,2100,2100,0.945064289
8,2400,2400,0.944359188
9,2700,2700,0.943654086
10,3000,3000,0.942948985
11,3300,3300,0.942243883
12,3600,3600,0.941538782
13,3900,3900,0.922766824
14,4200,4200,0.91729918
15,4500,4500,0.909309872
16,4800,4800,0.90423046
17,5100,5100,0.898087093
18,5400,5400,0.881809093
19,5700,5700,0.875417763
20,6000,6000,0.866936133
21,6300,6300,0.861656237
22,6600,6600,0.845549998
23,6900,6900,0.838090544
24,7200,7200,0.829851051
25,7500,7500,0.824278399
26,7800,7800,0.817383939
27,8100,8100,0.801654101
28,8400,8400,0.795671214
29,8700,8700,0.786536067
30,9000,9000,0.780965269
31,9300,9300,0.770289016
32,9600,9600,0.758068581
33,9900,9900,0.750345008
34,10200,10200,0.743799267
35,10500,10500,0.738706214
36,10800,10800,0.72335044
37,11100,11100,0.715732163
38,11400,11400,0.70711127
39,11700,11700,0.702073951
40,12000,12000,0.695186454
41,12300,12300,0.677135732
42,12600,12600,0.671653165
43,12900,12900,0.664270028
44,13200,13200,0.659647089
45,13500,13500,0.641577155
46,13800,13800,0.634790171
47,14100,14100,0.627280034
48,14400,14400,0.621901837
49,14700,14700,0.6161954
50,15000,15000,0.5999174
51,15300,15300,0.592345127
52,15600,15600,0.58504444
53,15900,15900,0.579641876
54,16200,16200,0.563105981
55,16500,16500,0.556116896
56,16800,16800,0.547997583
57,17100,17100,0.542331016
58,17400,17400,0.535200863
59,17700,17700,0.520239481
60,18000,18000,0.513431357
61,18300,18300,0.504285536
62,18600,18600,0.498474836
63,18900,18900,0.486510104
64,19200,19200,0.475353406
65,19500,19500,0.468327107
66,19800,19800,0.461421204
67,20100,20100,0.456448746
68,20400,20400,0.439846705
69,20700,20700,0.432814974
70,21000,21000,0.425683321
71,21300,21300,0.420125038
72,21600,21600,0.413432077
73,21900,21900,0.394886559
74,22200,22200,0.389390898
75,22500,22500,0.382646873
76,22800,22800,0.377755396
77,23100,23100,0.360375204
78,23400,23400,0.353694359
79,23700,23700,0.345368561
80,24000,24000,0.33945547
81,24300,24300,0.334303708
82,24600,24600,0.317844516
83,24900,24900,0.309943833
84,25200,25200,0.303152747
85,25500,25500,0.296883629
86,25800,25800,0.279439154
87,26100,26100,0.273642628
88,26400,26400,0.265459652
89,26700,26700,0.259621476
90,27000,27000,0.25287126
91,27300,27300,0.237209568
92,27600,27600,0.230840855
93,27900,27900,0.222123036
94,28200,28200,0.217388631
95,28500,28500,0.203133825
96,28800,28800,0.193196266
97,29100,29100,0.186915581
98,29400,29400,0.179315937
99,29700,29700,0.174286097
100,30000,30000,0.157126671
101,30300,30300,0.150800537
102,30600,30600,0.142771117
103,30900,30900,0.137851454
104,31200,31200,0.128861512
105,31500,31500,0.114173374
106,31800,31800,0.107239682
107,32100,32100,0.100787084
108,32400,32400,0.094957152
109,32700,32700,0.07930624
110,33000,33000,0.071802666
111,33300,33300,0.063028276
112,33600,33600,0.057519918
113,33900,33900,0.052412015
114,34200,34200,0.049999936
115,34500,34500,0.049998152
116,34800,34800,0.049999988
117,35100,35100,0.050000182
118,35400,35400,0.049998398
119,35700,35700,0.050000825
120,36000,36000,0.049998451
121,36300,36300,0.087505744
122,36600,36600,0.12501234
123,36900,36900,0.16251583
124,37200,37200,0.200019321
125,37500,37500,0.237526028
126,37800,37800,0.27502961
127,38100,38100,0.312537313
128,38400,38400,0.35003995
129,38700,38700,0.387546203
130,39000,39000,0.425053521
131,39300,39300,0.462557012
132,39600,39600,0.500064713
133,39900,39900,0.537568204
134,40200,40200,0.575074926
135,40500,40500,0.612579355
136,40800,40800,0.650086206
137,41100,41100,0.687589694
138,41400,41400,0.725092586
139,41700,41700,0.762599472
140,42000,42000,0.800106068
141,42300,42300,0.837609557
142,42600,42600,0.875117259
143,42900,42900,0.91262017
144,43200,43200,0.95
145,43500,43500,0.949294898
146,43800,43800,0.948589797
147,44100,44100,0.947884695
148,44400,44400,0.947179594
149,44700,44700,0.946474492
150,45000,45000,0.945769391
151,45300,45300,0.945064289
152,45600,45600,0.944359188
153,45900,45900,0.943654086
154,46200,46200,0.942948985
155,46500,46500,0.942243883
156,46800,46800,0.941538782
157,47100,47100,0.922766824
158,47400,47400,0.91729918
159,47700,47700,0.909309872
160,48000,48000,0.90423046
161,48300,48300,0.898087093
162,48600,48600,0.881809093
163,48900,48900,0.875417763
164,49200,49200,0.866936133
165,49500,49500,0.861656237
166,49800,49800,0.845549998
167,50100,50100,0.838090544
168,50400,50400,0.829851051
169,50700,50700,0.824278399
170,51000,51000,0.817383939
171,51300,51300,0.801654101
172,51600,51600,0.795671214
173,51900,51900,0.786536067
174,52200,52200,0.780965269
175,52500,52500,0.770289016
176,52800,52800,0.758068581
177,53100,53100,0.750345008
178,53400,53400,0.743799267
179,53700,53700,0.738706214
180,54000,54000,0.72335044
181,54300,54300,0.715732163
182,54600,54600,0.70711127
183,54900,54900,0.702073951
184,55200,55200,0.695186454
185,55500,55500,0.677135732
186,55800,55800,0.671653165
187,56100,56100,0.664270028
188,56400,56400,0.659647089
189,56700,56700,0.641577155
190,57000,57000,0.634790171
191,57300,57300,0.627280034
192,57600,57600,0.621901837
193,57900,57900,0.6161954
194,58200,58200,0.5999174
195,58500,58500,0.592345127
196,58800,58800,0.58504444
197,59100,59100,0.579641876
198,59400,59400,0.563105981
199,59700,59700,0.556116896
200,60000,60000,0.547997583
201,60300,60300,0.542331016
202,60600,60600,0.535200863
203,60900,60900,0.520239481
204,61200,61200,0.513431357
205,61500,61500,0.504285536
206,61800,61800,0.498474836
207,62100,62100,0.486510104
208,62400,62400,0.475353406
209,62700,62700,0.468327107
210,63000,63000,0.461421204
211,63300,63300,0.456448746
212,63600,63600,0.439846705
213,63900,63900,0.432814974
214,64200,64200,0.425683321
215,64500,64500,0.420125038
216,64800,64800,0.413432077
217,65100,65100,0.394886559
218,65400,65400,0.389390898
219,65700,65700,0.382646873
220,66000,66000,0.377755396
221,66300,66300,0.360375204
222,66600,66600,0.353694359
223,66900,66900,0.345368561
224,67200,67200,0.33945547
225,67500,67500,0.334303708
226,67800,67800,0.317844516
227,68100,68100,0.309943833
228,68400,68400,0.303152747
229,68700,68700,0.296883629
230,69000,69000,0.279439154
231,69300,69300,0.273642628
232,69600,69600,0.265459652
233,69900,69900,0.259621476
234,70200,70200,0.25287126
235,70500,70500,0.237209568
236,70800,70800,0.230840855
237,71100,71100,0.222123036
238,71400,71400,0.217388631
239,71700,71700,0.203133825
240,72000,72000,0.193196266
241,72300,72300,0.186915581
242,72600,72600,0.179315937
243,72900,72900,0.174286097
244,73200,73200,0.157126671
245,73500,73500,0.150800537
246,73800,73800,0.142771117
247,74100,74100,0.137851454
248,74400,74400,0.128861512
249,74700,74700,0.114173374
250,75000,75000,0.107239682
251,75300,75300,0.100787084
252,75600,75600,0.094957152
253,75900,75900,0.07930624
254,76200,76200,0.071802666
255,76500,76500,0.063028276
256,76800,76800,0.057519918
257,77100,77100,0.052412015
258,77400,77400,0.049999936
259,77700,77700,0.049998152
260,78000,78000,0.049999988
261,78300,78300,0.050000182
262,78600,78600,0.049998398
263,78900,78900,0.050000825
264,79200,79200,0.049998451
265,79500,79500,0.087505744
266,79800,79800,0.12501234
267,80100,80100,0.16251583
268,80400,80400,0.200019321
269,80700,80700,0.237526028
270,81000,81000,0.27502961
271,81300,81300,0.312537313
272,81600,81600,0.35003995
273,81900,81900,0.387546203
274,82200,82200,0.425053521
275,82500,82500,0.462557012
276,82800,82800,0.500064713
277,83100,83100,0.537568204
278,83400,83400,0.575074926
279,83700,83700,0.612579355
280,84000,84000,0.650086206
281,84300,84300,0.687589694
282,84600,84600,0.725092586
283,84900,84900,0.762599472
284,85200,85200,0.800106068
285,85500,85500,0.837609557
286,85800,85800,0.875117259
287,86100,86100,0.91262017
288,86400,86400,0.95
289,86700,86700,0.949294898
290,87000,87000,0.948589797
291,87300,87300,0.947884695
292,87600,87600,0.947179594
293,87900,87900,0.946474492
294,88200,88200,0.945769391
295,88500,88500,0.945064289
296,88800,88800,0.944359188
297,89100,89100,0.943654086
298,89400,89400,0.942948985
299,89700,89700,0.942243883
300,90000,90000,0.941538782
301,90300,90300,0.922766824
302,90600,90600,0.91729918
303,90900,90900,0.909309872
304,91200,91200,0.90423046
305,91500,91500,0.898087093
306,91800,91800,0.881809093
307,92100,92100,0.875417763
308,92400,92400,0.866936133
309,92700,92700,0.861656237
310,93000,93000,0.845549998
311,93300,93300,0.838090544
312,93600,93600,0.829851051
313,93900,93900,0.824278399
314,94200,94200,0.817383939
315,94500,94500,0.801654101
316,94800,94800,0.795671214
317,95100,95100,0.786536067
318,95400,95400,0.780965269
319,95700,95700,0.770289016
320,96000,96000,0.758068581
321,96300,96300,0.750345008
322,96600,96600,0.743799267
323,96900,96900,0.738706214
324,97200,97200,0.72335044
325,97500,97500,0.715732163
326,97800,97800,0.70711127
327,98100,98100,0.702073951
328,98400,98400,0.695186454
329,98700,98700,0.677135732
330,99000,99000,0.671653165
331,99300,99300,0.664270028
332,99600,99600,0.659647089
333,99900,99900,0.641577155
334,100200,100200,0.634790171
335,100500,100500,0.627280034
336,100800,100800,0.621901837
337,101100,101100,0.6161954
338,101400,101400,0.5999174
339,101700,101700,0.592345127
340,102000,102000,0.58504444
341,102300,102300,0.579641876
342,102600,102600,0.563105981
343,102900,102900,0.556116896
344,103200,103200,0.547997583
345,103500,103500,0.542331016
346,103800,103800,0.535200863
347,104100,104100,0.520239481
348,104400,104400,0.513431357
349,104700,104700,0.504285536
350,105000,105000,0.498474836
351,105300,105300,0.486510104
352,105600,105600,0.475353406
353,105900,105900,0.468327107
354,106200,106200,0.461421204
355,106500,106500,0.456448746
356,106800,106800,0.439846705
357,107100,107100,0.432814974
358,107400,107400,0.425683321
359,107700,107700,0.420125038
360,108000,108000,0.413432077
361,108300,108300,0.394886559
362,108600,108600,0.389390898
363,108900,108900,0.382646873
364,109200,109200,0.377755396
365,109500,109500,0.360375204
366,109800,109800,0.353694359
367,110100,110100,0.345368561
368,110400,110400,0.33945547
369,110700,110700,0.334303708
370,111000,111000,0.317844516
371,111300,111300,0.309943833
372,111600,111600,0.303152747
373,111900,111900,0.296883629
374,112200,112200,0.279439154
375,112500,112500,0.273642628
376,112800,112800,0.265459652
377,113100,113100,0.259621476
378,113400,113400,0.25287126
379,113700,113700,0.237209568
380,114000,114000,0.230840855
381,114300,114300,0.222123036
382,114600,114600,0.217388631
383,114900,114900,0.203133825
384,115200,115200,0.193196266
385,115500,115500,0.186915581
386,115800,115800,0.179315937
387,116100,116100,0.174286097
388,116400,116400,0.157126671
389,116700,116700,0.150800537
390,117000,117000,0.142771117
391,117300,117300,0.137851454
392,117600,117600,0.128861512
393,117900,117900,0.114173374
394,118200,118200,0.107239682
395,118500,118500,0.100787084
396,118800,118800,0.094957152
397,119100,119100,0.07930624
398,119400,119400,0.071802666
399,119700,119700,0.063028276
400,120000,120000,0.057519918
401,120300,120300,0.052412015
402,120600,120600,0.049999936
403,120900,120900,0.049998152
404,121200,121200,0.049999988
405,121500,121500,0.050000182
406,121800,121800,0.049998398
407,122100,122100,0.050000825
408,122400,122400,0.049998451
409,122700,122700,0.087505744
410,123000,123000,0.12501234
411,123300,123300,0.16251583
412,123600,123600,0.200019321
413,123900,123900,0.237526028
414,124200,124200,0.27502961
415,124500,124500,0.312537313
416,124800,124800,0.35003995
417,125100,125100,0.387546203
418,125400,125400,0.425053521
419,125700,125700,0.462557012
420,126000,126000,0.500064713
421,126300,126300,0.537568204
422,126600,126600,0.575074926
423,126900,126900,0.612579355
424,127200,127200,0.650086206
425,127500,127500,0.687589694
426,127800,127800,0.725092586
427,128100,128100,0.762599472
428,128400,128400,0.800106068
429,128700,128700,0.837609557
430,129000,129000,0.875117259
431,129300,129300,0.91262017
432,129600,129600,0.95
433,129900,129900,0.949294898
434,130200,130200,0.948589797
435,130500,130500,0.947884695
436,130800,130800,0.947179594
437,131100,131100,0.946474492
438,131400,131400,0.945769391
439,131700,131700,0.945064289
440,132000,132000,0.944359188
441,132300,132300,0.943654086
442,132600,132600,0.942948985
443,132900,132900,0.942243883
444,133200,133200,0.941538782
445,133500,133500,0.922766824
446,133800,133800,0.91729918
447,134100,134100,0.909309872
448,134400,134400,0.90423046
449,134700,134700,0.898087093
450,135000,135000,0.881809093
451,135300,135300,0.875417763
452,135600,135600,0.866936133
453,135900,135900,0.861656237
454,136200,136200,0.845549998
455,136500,136500,0.838090544
456,136800,136800,0.829851051
457,137100,137100,0.824278399
458,137400,137400,0.817383939
459,137700,137700,0.801654101
460,138000,138000,0.795671214
461,138300,138300,0.786536067
462,138600,138600,0.780965269
463,138900,138900,0.770289016
464,139200,139200,0.758068581
465,139500,139500,0.750345008
466,139800,139800,0.743799267
467,140100,140100,0.738706214
468,140400,140400,0.72335044
469,140700,140700,0.715732163
470,141000,141000,0.70711127
471,141300,141300,0.702073951
472,141600,141600,0.695186454
473,141900,141900,0.677135732
474,142200,142200,0.671653165
475,142500,142500,0.664270028
476,142800,142800,0.659647089
477,143100,143100,0.641577155
478,143400,143400,0.634790171
479,143700,143700,0.627280034
480,144000,144000,0.621901837
481,144300,144300,0.6161954
482,144600,144600,0.5999174
483,144900,144900,0.592345127
484,145200,145200,0.58504444
485,145500,145500,0.579641876
486,145800,145800,0.563105981
487,146100,146100,0.556116896
488,146400,146400,0.547997583
489,146700,146700,0.542331016
490,147000,147000,0.535200863
491,147300,147300,0.520239481
492,147600,147600,0.513431357
493,147900,147900,0.504285536
494,148200,148200,0.498474836
495,148500,148500,0.486510104
496,148800,148800,0.475353406
497,149100,149100,0.468327107
498,149400,149400,0.461421204
499,149700,149700,0.456448746
500,150000,150000,0.439846705
501,150300,150300,0.432814974
502,150600,150600,0.425683321
503,150900,150900,0.420125038
504,151200,151200,0.413432077
505,151500,151500,0.394886559
506,151800,151800,0.389390898
507,152100,152100,0.382646873
508,152400,152400,0.377755396
509,152700,152700,0.360375204
510,153000,153000,0.353694359
511,153300,153300,0.345368561
512,153600,153600,0.33945547
513,153900,153900,0.334303708
514,154200,154200,0.317844516
515,154500,154500,0.309943833
516,154800,154800,0.303152747
517,155100,155100,0.296883629
518,155400,155400,0.279439154
519,155700,155700,0.273642628
520,156000,156000,0.265459652
521,156300,156300,0.259621476
522,156600,156600,0.25287126
523,156900,156900,0.237209568
524,157200,157200,0.230840855
525,157500,157500,0.222123036
526,157800,157800,0.217388631
527,158100,158100,0.203133825
528,158400,158400,0.193196266
529,158700,158700,0.186915581
530,159000,159000,0.179315937
531,159300,159300,0.174286097
532,159600,159600,0.157126671
533,159900,159900,0.150800537
534,160200,160200,0.142771117
535,160500,160500,0.137851454
536,160800,160800,0.128861512
537,161100,161100,0.114173374
538,161400,161400,0.107239682
539,161700,161700,0.100787084
540,162000,162000,0.094957152
541,162300,162300,0.07930624
542,162600,162600,0.071802666
543,162900,162900,0.063028276
544,163200,163200,0.057519918
545,163500,163500,0.052412015
546,163800,163800,0.049999936
547,164100,164100,0.049998152
548,164400,164400,0.049999988
549,164700,164700,0.050000182
550,165000,165000,0.049998398
551,165300,165300,0.050000825
552,165600,165600,0.049998451
553,165900,165900,0.087505744
554,166200,166200,0.12501234
555,166500,166500,0.16251583
556,166800,166800,0.200019321
557,167100,167100,0.237526028
558,167400,167400,0.27502961
559,167700,167700,0.312537313
560,168000,168000,0.35003995
561,168300,168300,0.387546203
562,168600,168600,0.425053521
563,168900,168900,0.462557012
564,169200,169200,0.500064713
565,169500,169500,0.537568204
566,169800,169800,0.575074926
567,170100,170100,0.612579355
568,170400,170400,0.650086206
569,170700,170700,0.687589694
570,171000,171000,0.725092586
571,171300,171300,0.762599472
572,171600,171600,0.800106068
573,171900,171900,0.837609557
574,172200,172200,0.875117259
575,172500,172500,0.91262017
576,172800,172800,0.95
577,173100,173100,0.949294898
578,173400,173400,0.948589797
579,173700,173700,0.947884695
580,174000,174000,0.947179594
581,174300,174300,0.946474492
582,174600,174600,0.945769391
583,174900,174900,0.945064289
584,175200,175200,0.944359188
585,175500,175500,0.943654086
586,175800,175800,0.942948985
587,176100,176100,0.942243883
588,176400,176400,0.941538782
589,176700,176700,0.922766824
590,177000,177000,0.91729918
591,177300,177300,0.909309872
592,177600,177600,0.90423046
593,177900,177900,0.898087093
594,178200,178200,0.881809093
595,178500,178500,0.875417763
596,178800,178800,0.866936133
597,179100,179100,0.861656237
598,179400,179400,0.845549998
599,179700,179700,0.838090544
600,180000,180000,0.829851051
601,180300,180300,0.824278399
602,180600,180600,0.817383939
603,180900,180900,0.801654101
604,181200,181200,0.795671214
605,181500,181500,0.786536067
606,181800,181800,0.780965269
607,182100,182100,0.770289016
608,182400,182400,0.758068581
609,182700,182700,0.750345008
610,183000,183000,0.743799267
611,183300,183300,0.738706214
612,183600,183600,0.72335044
613,183900,183900,0.715732163
614,184200,184200,0.70711127
615,184500,184500,0.702073951
616,184800,184800,0.695186454
617,185100,185100,0.677135732
618,185400,185400,0.671653165
619,185700,185700,0.664270028
620,186000,186000,0.659647089
621,186300,186300,0.641577155
622,186600,186600,0.634790171
623,186900,186900,0.627280034
624,187200,187200,0.621901837
625,187500,187500,0.6161954
626,187800,187800,0.5999174
627,188100,188100,0.592345127
628,188400,188400,0.58504444
629,188700,188700,0.579641876
630,189000,189000,0.563105981
631,189300,189300,0.556116896
632,189600,189600,0.547997583
633,189900,189900,0.542331016
634,190200,190200,0.535200863
635,190500,190500,0.520239481
636,190800,190800,0.513431357
637,191100,191100,0.504285536
638,191400,191400,0.498474836
639,191700,191700,0.486510104
640,192000,192000,0.475353406
641,192300,192300,0.468327107
642,192600,192600,0.461421204
643,192900,192900,0.456448746
644,193200,193200,0.439846705
645,193500,193500,0.432814974
646,193800,193800,0.425683321
647,194100,194100,0.420125038
648,194400,194400,0.413432077
649,194700,194700,0.394886559
650,195000,195000,0.389390898
651,195300,195300,0.382646873
652,195600,195600,0.377755396
653,195900,195900,0.360375204
654,196200,196200,0.353694359
655,196500,196500,0.345368561
656,196800,196800,0.33945547
657,197100,197100,0.334303708
658,197400,197400,0.317844516
659,197700,197700,0.309943833
660,198000,198000,0.303152747
661,198300,198300,0.296883629
662,198600,198600,0.279439154
663,198900,198900,0.273642628
664,199200,199200,0.265459652
665,199500,199500,0.259621476
666,199800,199800,0.25287126
667,200100,200100,0.237209568
668,200400,200400,0.230840855
669,200700,200700,0.222123036
670,201000,201000,0.217388631
671,201300,201300,0.203133825
672,201600,201600,0.193196266
673,201900,201900,0.186915581
674,202200,202200,0.179315937
675,202500,202500,0.174286097
676,202800,202800,0.157126671
677,203100,203100,0.150800537
678,203400,203400,0.142771117
679,203700,203700,0.137851454
680,204000,204000,0.128861512
681,204300,204300,0.114173374
682,204600,204600,0.107239682
683,204900,204900,0.100787084
684,205200,205200,0.094957152
685,205500,205500,0.07930624
686,205800,205800,0.071802666
687,206100,206100,0.063028276
688,206400,206400,0.057519918
689,206700,206700,0.052412015
690,207000,207000,0.049999936
691,207300,207300,0.049998152
692,207600,207600,0.049999988
693,207900,207900,0.050000182
694,208200,208200,0.049998398
695,208500,208500,0.050000825
696,208800,208800,0.049998451
697,209100,209100,0.087505744
698,209400,209400,0.12501234
699,209700,209700,0.16251583
700,210000,210000,0.200019321
701,210300,210300,0.237526028
702,210600,210600,0.27502961
703,210900,210900,0.312537313
704,211200,211200,0.35003995
705,211500,211500,0.387546203
706,211800,211800,0.425053521
707,212100,212100,0.462557012
708,212400,212400,0.500064713
709,212700,212700,0.537568204
710,213000,213000,0.575074926
711,213300,213300,0.612579355
712,213600,213600,0.650086206
713,213900,213900,0.687589694
714,214200,214200,0.725092586
715,214500,214500,0.762599472
716,214800,214800,0.800106068
717,215100,215100,0.837609557
718,215400,215400,0.875117259
719,215700,215700,0.91262017
720,216000,216000,0.95
721,216300,216300,0.949294898
722,216600,216600,0.948589797
723,216900,216900,0.947884695
724,217200,217200,0.947179594
725,217500,217500,0.946474492
726,217800,217800,0.945769391
727,218100,218100,0.945064289
728,218400,218400,0.944359188
729,218700,218700,0.943654086
730,219000,219000,0.942948985
731,219300,219300,0.942243883
732,219600,219600,0.941538782
733,219900,219900,0.922766824
734,220200,220200,0.91729918
735,220500,220500,0.909309872
736,220800,220800,0.90423046
737,221100,221100,0.898087093
738,221400,221400,0.881809093
739,221700,221700,0.875417763
740,222000,222000,0.866936133
741,222300,222300,0.861656237
742,222600,222600,0.845549998
743,222900,222900,0.838090544
744,223200,223200,0.829851051
745,223500,223500,0.824278399
746,223800,223800,0.817383939
747,224100,224100,0.801654101
748,224400,224400,0.795671214
749,224700,224700,0.786536067
750,225000,225000,0.780965269
751,225300,225300,0.770289016
752,225600,225600,0.758068581
753,225900,225900,0.750345008
754,226200,226200,0.743799267
755,226500,226500,0.738706214
756,226800,226800,0.72335044
757,227100,227100,0.715732163
758,227400,227400,0.70711127
759,227700,227700,0.702073951
760,228000,228000,0.695186454
761,228300,228300,0.677135732
762,228600,228600,0.671653165
763,228900,228900,0.664270028
764,229200,229200,0.659647089
765,229500,229500,0.641577155
766,229800,229800,0.634790171
767,230100,230100,0.627280034
768,230400,230400,0.621901837
769,230700,230700,0.6161954
770,231000,231000,0.5999174
771,231300,231300,0.592345127
772,231600,231600,0.58504444
773,231900,231900,0.579641876
774,232200,232200,0.563105981
775,232500,232500,0.556116896
776,232800,232800,0.547997583
777,233100,233100,0.542331016
778,233400,233400,0.535200863
779,233700,233700,0.520239481
780,234000,234000,0.513431357
781,234300,234300,0.504285536
782,234600,234600,0.498474836
783,234900,234900,0.486510104
784,235200,235200,0.475353406
785,235500,235500,0.468327107
786,235800,235800,0.461421204
787,236100,236100,0.456448746
788,236400,236400,0.439846705
789,236700,236700,0.432814974
790,237000,237000,0.425683321
791,237300,237300,0.420125038
792,237600,237600,0.413432077
793,237900,237900,0.394886559
794,238200,238200,0.389390898
795,238500,238500,0.382646873
796,238800,238800,0.377755396
797,239100,239100,0.360375204
798,239400,239400,0.353694359
799,239700,239700,0.345368561
800,240000,240000,0.33945547
801,240300,240300,0.334303708
802,240600,240600,0.317844516
803,240900,240900,0.309943833
804,241200,241200,0.303152747
805,241500,241500,0.296883629
806,241800,241800,0.279439154
807,242100,242100,0.273642628
808,242400,242400,0.265459652
809,242700,242700,0.259621476
810,243000,243000,0.25287126
811,243300,243300,0.237209568
812,243600,243600,0.230840855
813,243900,243900,0.222123036
814,244200,244200,0.217388631
815,244500,244500,0.203133825
816,244800,244800,0.193196266
817,245100,245100,0.186915581
818,245400,245400,0.179315937
819,245700,245700,0.174286097
820,246000,246000,0.157126671
821,246300,246300,0.150800537
822,246600,246600,0.142771117
823,246900,246900,0.137851454
824,247200,247200,0.128861512
825,247500,247500,0.114173374
826,247800,247800,0.107239682
827,248100,248100,0.100787084
828,248400,248400,0.094957152
829,248700,248700,0.07930624
830,249000,249000,0.071802666
831,249300,249300,0.063028276
832,249600,249600,0.057519918
833,249900,249900,0.052412015
834,250200,250200,0.049999936
835,250500,250500,0.049998152
836,250800,250800,0.049999988
837,251100,251100,0.050000182
838,251400,251400,0.049998398
839,251700,251700,0.050000825
840,252000,252000,0.049998451
841,252300,252300,0.087505744
842,252600,252600,0.12501234
843,252900,252900,0.16251583
844,253200,253200,0.200019321
845,253500,253500,0.237526028
846,253800,253800,0.27502961
847,254100,254100,0.312537313
848,254400,254400,0.35003995
849,254700,254700,0.387546203
850,255000,255000,0.425053521
851,255300,255300,0.462557012
852,255600,255600,0.500064713
853,255900,255900,0.537568204
854,256200,256200,0.575074926
855,256500,256500,0.612579355
856,256800,256800,0.650086206
857,257100,257100,0.687589694
858,257400,257400,0.725092586
859,257700,257700,0.762599472
860,258000,258000,0.800106068
861,258300,258300,0.837609557
862,258600,258600,0.875117259
863,258900,258900,0.91262017
864,259200,259200,0.95
865,259500,259500,0.949294898
866,259800,259800,0.948589797
867,260100,260100,0.947884695
868,260400,260400,0.947179594
869,260700,260700,0.946474492
870,261000,261000,0.945769391
871,261300,261300,0.945064289
872,261600,261600,0.944359188
873,261900,261900,0.943654086
874,262200,262200,0.942948985
875,262500,262500,0.942243883
876,262800,262800,0.941538782
877,263100,263100,0.922766824
878,263400,263400,0.91729918
879,263700,263700,0.909309872
880,264000,264000,0.90423046
881,264300,264300,0.898087093
882,264600,264600,0.881809093
883,264900,264900,0.875417763
884,265200,265200,0.866936133
885,265500,265500,0.861656237
886,265800,265800,0.845549998
887,266100,266100,0.838090544
888,266400,266400,0.829851051
889,266700,266700,0.824278399
890,267000,267000,0.817383939
891,267300,267300,0.801654101
892,267600,267600,0.795671214
893,267900,267900,0.786536067
894,268200,268200,0.780965269
895,268500,268500,0.770289016
896,268800,268800,0.758068581
897,269100,269100,0.750345008
898,269400,269400,0.743799267
899,269700,269700,0.738706214
900,270000,270000,0.72335044
901,270300,270300,0.715732163
902,270600,270600,0.70711127
903,270900,270900,0.702073951
904,271200,271200,0.695186454
905,271500,271500,0.677135732
906,271800,271800,0.671653165
907,272100,272100,0.664270028
908,272400,272400,0.659647089
909,272700,272700,0.641577155
910,273000,273000,0.634790171
911,273300,273300,0.627280034
912,273600,273600,0.621901837
913,273900,273900,0.6161954
914,274200,274200,0.5999174
915,274500,274500,0.592345127
916,274800,274800,0.58504444
917,275100,275100,0.579641876
918,275400,275400,0.563105981
919,275700,275700,0.556116896
920,276000,276000,0.547997583
921,276300,276300,0.542331016
922,276600,276600,0.535200863
923,276900,276900,0.520239481
924,277200,277200,0.513431357
925,277500,277500,0.504285536
926,277800,277800,0.498474836
927,278100,278100,0.486510104
928,278400,278400,0.475353406
929,278700,278700,0.468327107
930,279000,279000,0.461421204
931,279300,279300,0.456448746
932,279600,279600,0.439846705
933,279900,279900,0.432814974
934,280200,280200,0.425683321
935,280500,280500,0.420125038
936,280800,280800,0.413432077
937,281100,281100,0.394886559
938,281400,281400,0.389390898
939,281700,281700,0.382646873
940,282000,282000,0.377755396
941,282300,282300,0.360375204
942,282600,282600,0.353694359
943,282900,282900,0.345368561
944,283200,283200,0.33945547
945,283500,283500,0.334303708
946,283800,283800,0.317844516
947,284100,284100,0.309943833
948,284400,284400,0.303152747
949,284700,284700,0.296883629
950,285000,285000,0.279439154
951,285300,285300,0.273642628
952,285600,285600,0.265459652
953,285900,285900,0.259621476
954,286200,286200,0.25287126
955,286500,286500,0.237209568
956,286800,286800,0.230840855
957,287100,287100,0.222123036
958,287400,287400,0.217388631
959,287700,287700,0.203133825
960,288000,288000,0.193196266
961,288300,288300,0.186915581
962,288600,288600,0.179315937
963,288900,288900,0.174286097
964,289200,289200,0.157126671
965,289500,289500,0.150800537
966,289800,289800,0.142771117
967,290100,290100,0.137851454
968,290400,290400,0.128861512
969,290700,290700,0.114173374
970,291000,291000,0.107239682
971,291300,291300,0.100787084
972,291600,291600,0.094957152
973,291900,291900,0.07930624
974,292200,292200,0.071802666
975,292500,292500,0.063028276
976,292800,292800,0.057519918
977,293100,293100,0.052412015
978,293400,293400,0.049999936
979,293700,293700,0.049998152
980,294000,294000,0.049999988
981,294300,294300,0.050000182
982,294600,294600,0.049998398
983,294900,294900,0.050000825
984,295200,295200,0.049998451
985,295500,295500,0.087505744
986,295800,295800,0.12501234
987,296100,296100,0.16251583
988,296400,296400,0.200019321
989,296700,296700,0.237526028
990,297000,297000,0.27502961
991,297300,297300,0.312537313
992,297600,297600,0.35003995
993,297900,297900,0.387546203
994,298200,298200,0.425053521
995,298500,298500,0.462557012
996,298800,298800,0.500064713
997,299100,299100,0.537568204
998,299400,299400,0.575074926
999,299700,299700,0.612579355
1000,300000,300000,0.650086206
1001,300300,300300,0.687589694
1002,300600,300600,0.725092586
1003,300900,300900,0.762599472
1004,301200,301200,0.800106068
1005,301500,301500,0.837609557
1006,301800,301800,0.875117259
1007,302100,302100,0.91262017
1008,302400,302400,0.95
1009,302700,302700,0.949294898
1010,303000,303000,0.948589797
1011,303300,303300,0.947884695
1012,303600,303600,0.947179594
1013,303900,303900,0.946474492
1014,304200,304200,0.945769391
1015,304500,304500,0.945064289
1016,304800,304800,0.944359188
1017,305100,305100,0.943654086
1018,305400,305400,0.942948985
1019,305700,305700,0.942243883
1020,306000,306000,0.941538782
1021,306300,306300,0.922766824
1022,306600,306600,0.91729918
1023,306900,306900,0.909309872
1024,307200,307200,0.90423046
1025,307500,307500,0.898087093
1026,307800,307800,0.881809093
1027,308100,308100,0.875417763
1028,308400,308400,0.866936133
1029,308700,308700,0.861656237
1030,309000,309000,0.845549998
1031,309300,309300,0.838090544
1032,309600,309600,0.829851051
1033,309900,309900,0.824278399
1034,310200,310200,0.817383939
1035,310500,310500,0.801654101
1036,310800,310800,0.795671214
1037,311100,311100,0.786536067
1038,311400,311400,0.780965269
1039,311700,311700,0.770289016
1040,312000,312000,0.758068581
1041,312300,312300,0.750345008
1042,312600,312600,0.743799267
1043,312900,312900,0.738706214
1044,313200,313200,0.72335044
1045,313500,313500,0.715732163
1046,313800,313800,0.70711127
1047,314100,314100,0.702073951
1048,314400,314400,0.695186454
1049,314700,314700,0.677135732
1050,315000,315000,0.671653165
1051,315300,315300,0.664270028
1052,315600,315600,0.659647089
1053,315900,315900,0.641577155
1054,316200,316200,0.634790171
1055,316500,316500,0.627280034
1056,316800,316800,0.621901837
1057,317100,317100,0.6161954
1058,317400,317400,0.5999174
1059,317700,317700,0.592345127
1060,318000,318000,0.58504444
1061,318300,318300,0.579641876
1062,318600,318600,0.563105981
1063,318900,318900,0.556116896
1064,319200,319200,0.547997583
1065,319500,319500,0.542331016
1066,319800,319800,0.535200863
1067,320100,320100,0.520239481
1068,320400,320400,0.513431357
1069,320700,320700,0.504285536
1070,321000,321000,0.498474836
1071,321300,321300,0.486510104
1072,321600,321600,0.475353406
1073,321900,321900,0.468327107
1074,322200,322200,0.461421204
1075,322500,322500,0.456448746
1076,322800,322800,0.439846705
1077,323100,323100,0.432814974
1078,323400,323400,0.425683321
1079,323700,323700,0.420125038
1080,324000,324000,0.413432077
1081,324300,324300,0.394886559
1082,324600,324600,0.389390898
1083,324900,324900,0.382646873
1084,325200,325200,0.377755396
1085,325500,325500,0.360375204
1086,325800,325800,0.353694359
1087,326100,326100,0.345368561
1088,326400,326400,0.33945547
1089,326700,326700,0.334303708
1090,327000,327000,0.317844516
1091,327300,327300,0.309943833
1092,327600,327600,0.303152747
1093,327900,327900,0.296883629
1094,328200,328200,0.279439154
1095,328500,328500,0.273642628
1096,328800,328800,0.265459652
1097,329100,329100,0.259621476
1098,329400,329400,0.25287126
1099,329700,329700,0.237209568
1100,330000,330000,0.230840855
1101,330300,330300,0.222123036
1102,330600,330600,0.217388631
1103,330900,330900,0.203133825
1104,331200,331200,0.193196266
1105,331500,331500,0.186915581
1106,331800,331800,0.179315937
1107,332100,332100,0.174286097
1108,332400,332400,0.157126671
1109,332700,332700,0.150800537
1110,333000,333000,0.142771117
1111,333300,333300,0.137851454
1112,333600,333600,0.128861512
1113,333900,333900,0.114173374
1114,334200,334200,0.107239682
1115,334500,334500,0.100787084
1116,334800,334800,0.094957152
1117,335100,335100,0.07930624
1118,335400,335400,0.071802666
1119,335700,335700,0.063028276
1120,336000,336000,0.057519918
1121,336300,336300,0.052412015
1122,336600,336600,0.049999936
1123,336900,336900,0.049998152
1124,337200,337200,0.049999988
1125,337500,337500,0.050000182
1126,337800,337800,0.049998398
1127,338100,338100,0.050000825
1128,338400,338400,0.049998451
1129,338700,338700,0.087505744
1130,339000,339000,0.12501234
1131,339300,339300,0.16251583
1132,339600,339600,0.200019321
1133,339900,339900,0.237526028
1134,340200,340200,0.27502961
1135,340500,340500,0.312537313
1136,340800,340800,0.35003995
1137,341100,341100,0.387546203
1138,341400,341400,0.425053521
1139,341700,341700,0.462557012
1140,342000,342000,0.500064713
1141,342300,342300,0.537568204
1142,342600,342600,0.575074926
1143,342900,342900,0.612579355
1144,343200,343200,0.650086206
1145,343500,343500,0.687589694
1146,343800,343800,0.725092586
1147,344100,344100,0.762599472
1148,344400,344400,0.800106068
1149,344700,344700,0.837609557
1150,345000,345000,0.875117259
1151,345300,345300,0.91262017
1152,345600,345600,0.95
1153,345900,345900,0.949294898
1154,346200,346200,0.948589797
1155,346500,346500,0.947884695
1156,346800,346800,0.947179594
1157,347100,347100,0.946474492
1158,347400,347400,0.945769391
1159,347700,347700,0.945064289
1160,348000,348000,0.944359188
1161,348300,348300,0.943654086
1162,348600,348600,0.942948985
1163,348900,348900,0.942243883
1164,349200,349200,0.941538782
1165,349500,349500,0.922766824
1166,349800,349800,0.91729918
1167,350100,350100,0.909309872
1168,350400,350400,0.90423046
1169,350700,350700,0.898087093
1170,351000,351000,0.881809093
1171,351300,351300,0.875417763
1172,351600,351600,0.866936133
1173,351900,351900,0.861656237
1174,352200,352200,0.845549998
1175,352500,352500,0.838090544
1176,352800,352800,0.829851051
1177,353100,353100,0.824278399
1178,353400,353400,0.817383939
1179,353700,353700,0.801654101
1180,354000,354000,0.795671214
1181,354300,354300,0.786536067
1182,354600,354600,0.780965269
1183,354900,354900,0.770289016
1184,355200,355200,0.758068581
1185,355500,355500,0.750345008
1186,355800,355800,0.743799267
1187,356100,356100,0.738706214
1188,356400,356400,0.72335044
1189,356700,356700,0.715732163
1190,357000,357000,0.70711127
1191,357300,357300,0.702073951
1192,357600,357600,0.695186454
1193,357900,357900,0.677135732
1194,358200,358200,0.671653165
1195,358500,358500,0.664270028
1196,358800,358800,0.659647089
1197,359100,359100,0.641577155
1198,359400,359400,0.634790171
1199,359700,359700,0.627280034
1200,360000,360000,0.621901837
1201,360300,360300,0.6161954
1202,360600,360600,0.5999174
1203,360900,360900,0.592345127
1204,361200,361200,0.58504444
1205,361500,361500,0.579641876
1206,361800,361800,0.563105981
1207,362100,362100,0.556116896
1208,362400,362400,0.547997583
1209,362700,362700,0.542331016
1210,363000,363000,0.535200863
1211,363300,363300,0.520239481
1212,363600,363600,0.513431357
1213,363900,363900,0.504285536
1214,364200,364200,0.498474836
1215,364500,364500,0.486510104
1216,364800,364800,0.475353406
1217,365100,365100,0.468327107
1218,365400,365400,0.461421204
1219,365700,365700,0.456448746
1220,366000,366000,0.439846705
1221,366300,366300,0.432814974
1222,366600,366600,0.425683321
1223,366900,366900,0.420125038
1224,367200,367200,0.413432077
1225,367500,367500,0.394886559
1226,367800,367800,0.389390898
1227,368100,368100,0.382646873
1228,368400,368400,0.377755396
1229,368700,368700,0.360375204
1230,369000,369000,0.353694359
1231,369300,369300,0.345368561
1232,369600,369600,0.33945547
1233,369900,369900,0.334303708
1234,370200,370200,0.317844516
1235,370500,370500,0.309943833
1236,370800,370800,0.303152747
1237,371100,371100,0.296883629
1238,371400,371400,0.279439154
1239,371700,371700,0.273642628
1240,372000,372000,0.265459652
1241,372300,372300,0.259621476
1242,372600,372600,0.25287126
1243,372900,372900,0.237209568
1244,373200,373200,0.230840855
1245,373500,373500,0.222123036
1246,373800,373800,0.217388631
1247,374100,374100,0.203133825
1248,374400,374400,0.193196266
1249,374700,374700,0.186915581
1250,375000,375000,0.179315937
1251,375300,375300,0.174286097
1252,375600,375600,0.157126671
1253,375900,375900,0.150800537
1254,376200,376200,0.142771117
1255,376500,376500,0.137851454
1256,376800,376800,0.128861512
1257,377100,377100,0.114173374
1258,377400,377400,0.107239682
1259,377700,377700,0.100787084
1260,378000,378000,0.094957152
1261,378300,378300,0.07930624
1262,378600,378600,0.071802666
1263,378900,378900,0.063028276
1264,379200,379200,0.057519918
1265,379500,379500,0.052412015
1266,379800,379800,0.049999936
1267,380100,380100,0.049998152
1268,380400,380400,0.049999988
1269,380700,380700,0.050000182
1270,381000,381000,0.049998398
1271,381300,381300,0.050000825
1272,381600,381600,0.049998451
1273,381900,381900,0.087505744
1274,382200,382200,0.12501234
1275,382500,382500,0.16251583
1276,382800,382800,0.200019321
1277,383100,383100,0.237526028
1278,383400,383400,0.27502961
1279,383700,383700,0.312537313
1280,384000,384000,0.35003995
1281,384300,384300,0.387546203
1282,384600,384600,0.425053521
1283,384900,384900,0.462557012
1284,385200,385200,0.500064713
1285,385500,385500,0.537568204
1286,385800,385800,0.575074926
1287,386100,386100,0.612579355
1288,386400,386400,0.650086206
1289,386700,386700,0.687589694
1290,387000,387000,0.725092586
1291,387300,387300,0.762599472
1292,387600,387600,0.800106068
1293,387900,387900,0.837609557
1294,388200,388200,0.875117259
1295,388500,388500,0.91262017
1296,388800,388800,0.95
1297,389100,389100,0.949294898
1298,389400,389400,0.948589797
1299,389700,389700,0.947884695
1300,390000,390000,0.947179594
1301,390300,390300,0.946474492
1302,390600,390600,0.945769391
1303,390900,390900,0.945064289
1304,391200,391200,0.944359188
1305,391500,391500,0.943654086
1306,391800,391800,0.942948985
1307,392100,392100,0.942243883
1308,392400,392400,0.941538782
1309,392700,392700,0.922766824
1310,393000,393000,0.91729918
1311,393300,393300,0.909309872
1312,393600,393600,0.90423046
1313,393900,393900,0.898087093
1314,394200,394200,0.881809093
1315,394500,394500,0.875417763
1316,394800,394800,0.866936133
1317,395100,395100,0.861656237
1318,395400,395400,0.845549998
1319,395700,395700,0.838090544
1320,396000,396000,0.829851051
1321,396300,396300,0.824278399
1322,396600,396600,0.817383939
1323,396900,396900,0.801654101
1324,397200,397200,0.795671214
1325,397500,397500,0.786536067
1326,397800,397800,0.780965269
1327,398100,398100,0.770289016
1328,398400,398400,0.758068581
1329,398700,398700,0.750345008
1330,399000,399000,0.743799267
1331,399300,399300,0.738706214
1332,399600,399600,0.72335044
1333,399900,399900,0.715732163
1334,400200,400200,0.70711127
1335,400500,400500,0.702073951
1336,400800,400800,0.695186454
1337,401100,401100,0.677135732
1338,401400,401400,0.671653165
1339,401700,401700,0.664270028
1340,402000,402000,0.659647089
1341,402300,402300,0.641577155
1342,402600,402600,0.634790171
1343,402900,402900,0.627280034
1344,403200,403200,0.621901837
1345,403500,403500,0.6161954
1346,403800,403800,0.5999174
1347,404100,404100,0.592345127
1348,404400,404400,0.58504444
1349,404700,404700,0.579641876
1350,405000,405000,0.563105981
1351,405300,405300,0.556116896
1352,405600,405600,0.547997583
1353,405900,405900,0.542331016
1354,406200,406200,0.535200863
1355,406500,406500,0.520239481
1356,406800,406800,0.513431357
1357,407100,407100,0.504285536
1358,407400,407400,0.498474836
1359,407700,407700,0.486510104
1360,408000,408000,0.475353406
1361,408300,408300,0.468327107
1362,408600,408600,0.461421204
1363,408900,408900,0.456448746
1364,409200,409200,0.439846705
1365,409500,409500,0.432814974
1366,409800,409800,0.425683321
1367,410100,410100,0.420125038
1368,410400,410400,0.413432077
1369,410700,410700,0.394886559
1370,411000,411000,0.389390898
1371,411300,411300,0.382646873
1372,411600,411600,0.377755396
1373,411900,411900,0.360375204
1374,412200,412200,0.353694359
1375,412500,412500,0.345368561
1376,412800,412800,0.33945547
1377,413100,413100,0.334303708
1378,413400,413400,0.317844516
1379,413700,413700,0.309943833
1380,414000,414000,0.303152747
1381,414300,414300,0.296883629
1382,414600,414600,0.279439154
1383,414900,414900,0.273642628
1384,415200,415200,0.265459652
1385,415500,415500,0.259621476
1386,415800,415800,0.25287126
1387,416100,416100,0.237209568
1388,416400,416400,0.230840855
1389,416700,416700,0.222123036
1390,417000,417000,0.217388631
1391,417300,417300,0.203133825
1392,417600,417600,0.193196266
1393,417900,417900,0.186915581
1394,418200,418200,0.179315937
1395,418500,418500,0.174286097
1396,418800,418800,0.157126671
1397,419100,419100,0.150800537
1398,419400,419400,0.142771117
1399,419700,419700,0.137851454
1400,420000,420000,0.128861512
1401,420300,420300,0.114173374
1402,420600,420600,0.107239682
1403,420900,420900,0.100787084
1404,421200,421200,0.094957152
1405,421500,421500,0.07930624
1406,421800,421800,0.071802666
1407,422100,422100,0.063028276
1408,422400,422400,0.057519918
1409,422700,422700,0.052412015
1410,423000,423000,0.049999936
1411,423300,423300,0.049998152
1412,423600,423600,0.049999988
1413,423900,423900,0.050000182
1414,424200,424200,0.049998398
1415,424500,424500,0.050000825
1416,424800,424800,0.049998451
1417,425100,425100,0.087505744
1418,425400,425400,0.12501234
1419,425700,425700,0.16251583
1420,426000,426000,0.200019321
1421,426300,426300,0.237526028
1422,426600,426600,0.27502961
1423,426900,426900,0.312537313
1424,427200,427200,0.35003995
1425,427500,427500,0.387546203
1426,427800,427800,0.425053521
1427,428100,428100,0.462557012
1428,428400,428400,0.500064713
1429,428700,428700,0.537568204
1430,429000,429000,0.575074926
1431,429300,429300,0.612579355
1432,429600,429600,0.650086206
1433,429900,429900,0.687589694
1434,430200,430200,0.725092586
1435,430500,430500,0.762599472
1436,430800,430800,0.800106068
1437,431100,431100,0.837609557
1438,431400,431400,0.875117259
1439,431700,431700,0.91262017
1440,432000,432000,0.95
1441,432300,432300,0.949294898
1442,432600,432600,0.948589797
1443,432900,432900,0.947884695
1444,433200,433200,0.947179594
1445,433500,433500,0.946474492
1446,433800,433800,0.945769391
1447,434100,434100,0.945064289
1448,434400,434400,0.944359188
1449,434700,434700,0.943654086
1450,435000,435000,0.942948985
1451,435300,435300,0.942243883
1452,435600,435600,0.941538782
1453,435900,435900,0.922766824
1454,436200,436200,0.91729918
1455,436500,436500,0.909309872
1456,436800,436800,0.90423046
1457,437100,437100,0.898087093
1458,437400,437400,0.881809093
1459,437700,437700,0.875417763
1460,438000,438000,0.866936133
1461,438300,438300,0.861656237
1462,438600,438600,0.845549998
1463,438900,438900,0.838090544
1464,439200,439200,0.829851051
1465,439500,439500,0.824278399
1466,439800,439800,0.817383939
1467,440100,440100,0.801654101
1468,440400,440400,0.795671214
1469,440700,440700,0.786536067
1470,441000,441000,0.780965269
1471,441300,441300,0.770289016
1472,441600,441600,0.758068581
1473,441900,441900,0.750345008
1474,442200,442200,0.743799267
1475,442500,442500,0.738706214
1476,442800,442800,0.72335044
1477,443100,443100,0.715732163
1478,443400,443400,0.70711127
1479,443700,443700,0.702073951
1480,444000,444000,0.695186454
1481,444300,444300,0.677135732
1482,444600,444600,0.671653165
1483,444900,444900,0.664270028
1484,445200,445200,0.659647089
1485,445500,445500,0.641577155
1486,445800,445800,0.634790171
1487,446100,446100,0.627280034
1488,446400,446400,0.621901837
1489,446700,446700,0.6161954
1490,447000,447000,0.5999174
1491,447300,447300,0.592345127
1492,447600,447600,0.58504444
1493,447900,447900,0.579641876
1494,448200,448200,0.563105981
1495,448500,448500,0.556116896
1496,448800,448800,0.547997583
1497,449100,449100,0.542331016
1498,449400,449400,0.535200863
1499,449700,449700,0.520239481
1500,450000,450000,0.513431357
1501,450300,450300,0.504285536
1502,450600,450600,0.498474836
1503,450900,450900,0.486510104
1504,451200,451200,0.475353406
1505,451500,451500,0.468327107
1506,451800,451800,0.461421204
1507,452100,452100,0.456448746
1508,452400,452400,0.439846705
1509,452700,452700,0.432814974
1510,453000,453000,0.425683321
1511,453300,453300,0.420125038
1512,453600,453600,0.413432077
1513,453900,453900,0.394886559
1514,454200,454200,0.389390898
1515,454500,454500,0.382646873
1516,454800,454800,0.377755396
1517,455100,455100,0.360375204
1518,455400,455400,0.353694359
1519,455700,455700,0.345368561
1520,456000,456000,0.33945547
1521,456300,456300,0.334303708
1522,456600,456600,0.317844516
1523,456900,456900,0.309943833
1524,457200,457200,0.303152747
1525,457500,457500,0.296883629
1526,457800,457800,0.279439154
1527,458100,458100,0.273642628
1528,458400,458400,0.265459652
1529,458700,458700,0.259621476
1530,459000,459000,0.25287126
1531,459300,459300,0.237209568
1532,459600,459600,0.230840855
1533,459900,459900,0.222123036
1534,460200,460200,0.217388631
1535,460500,460500,0.203133825
1536,460800,460800,0.193196266
1537,461100,461100,0.186915581
1538,461400,461400,0.179315937
1539,461700,461700,0.174286097
1540,462000,462000,0.157126671
1541,462300,462300,0.150800537
1542,462600,462600,0.142771117
1543,462900,462900,0.137851454
1544,463200,463200,0.128861512
1545,463500,463500,0.114173374
1546,463800,463800,0.107239682
1547,464100,464100,0.100787084
1548,464400,464400,0.094957152
1549,464700,464700,0.07930624
1550,465000,465000,0.071802666
1551,465300,465300,0.063028276
1552,465600,465600,0.057519918
1553,465900,465900,0.052412015
1554,466200,466200,0.049999936
1555,466500,466500,0.049998152
1556,466800,466800,0.049999988
1557,467100,467100,0.050000182
1558,467400,467400,0.049998398
1559,467700,467700,0.050000825
1560,468000,468000,0.049998451
1561,468300,468300,0.087505744
1562,468600,468600,0.12501234
1563,468900,468900,0.16251583
1564,469200,469200,0.200019321
1565,469500,469500,0.237526028
1566,469800,469800,0.27502961
1567,470100,470100,0.312537313
1568,470400,470400,0.35003995
1569,470700,470700,0.387546203
1570,471000,471000,0.425053521
1571,471300,471300,0.462557012
1572,471600,471600,0.500064713
1573,471900,471900,0.537568204
1574,472200,472200,0.575074926
1575,472500,472500,0.612579355
1576,472800,472800,0.650086206
1577,473100,473100,0.687589694
1578,473400,473400,0.725092586
1579,473700,473700,0.762599472
1580,474000,474000,0.800106068
1581,474300,474300,0.837609557
1582,474600,474600,0.875117259
1583,474900,474900,0.91262017
1584,475200,475200,0.95
1585,475500,475500,0.949294898
1586,475800,475800,0.948589797
1587,476100,476100,0.947884695
1588,476400,476400,0.947179594
1589,476700,476700,0.946474492
1590,477000,477000,0.945769391
1591,477300,477300,0.945064289
1592,477600,477600,0.944359188
1593,477900,477900,0.943654086
1594,478200,478200,0.942948985
1595,478500,478500,0.942243883
1596,478800,478800,0.941538782
1597,479100,479100,0.922766824
1598,479400,479400,0.91729918
1599,479700,479700,0.909309872
1600,480000,480000,0.90423046
1601,480300,480300,0.898087093
1602,480600,480600,0.881809093
1603,480900,480900,0.875417763
1604,481200,481200,0.866936133
1605,481500,481500,0.861656237
1606,481800,481800,0.845549998
1607,482100,482100,0.838090544
1608,482400,482400,0.829851051
1609,482700,482700,0.824278399
1610,483000,483000,0.817383939
1611,483300,483300,0.801654101
1612,483600,483600,0.795671214
1613,483900,483900,0.786536067
1614,484200,484200,0.780965269
1615,484500,484500,0.770289016
1616,484800,484800,0.758068581
1617,485100,485100,0.750345008
1618,485400,485400,0.743799267
1619,485700,485700,0.738706214
1620,486000,486000,0.72335044
1621,486300,486300,0.715732163
1622,486600,486600,0.70711127
1623,486900,486900,0.702073951
1624,487200,487200,0.695186454
1625,487500,487500,0.677135732
1626,487800,487800,0.671653165
1627,488100,488100,0.664270028
1628,488400,488400,0.659647089
1629,488700,488700,0.641577155
1630,489000,489000,0.634790171
1631,489300,489300,0.627280034
1632,489600,489600,0.621901837
1633,489900,489900,0.6161954
1634,490200,490200,0.5999174
1635,490500,490500,0.592345127
1636,490800,490800,0.58504444
1637,491100,491100,0.579641876
1638,491400,491400,0.563105981
1639,491700,491700,0.556116896
1640,492000,492000,0.547997583
1641,492300,492300,0.542331016
1642,492600,492600,0.535200863
1643,492900,492900,0.520239481
1644,493200,493200,0.513431357
1645,493500,493500,0.504285536
1646,493800,493800,0.498474836
1647,494100,494100,0.486510104
1648,494400,494400,0.475353406
1649,494700,494700,0.468327107
1650,495000,495000,0.461421204
1651,495300,495300,0.456448746
1652,495600,495600,0.439846705
1653,495900,495900,0.432814974
1654,496200,496200,0.425683321
1655,496500,496500,0.420125038
1656,496800,496800,0.413432077
1657,497100,497100,0.394886559
1658,497400,497400,0.389390898
1659,497700,497700,0.382646873
1660,498000,498000,0.377755396
1661,498300,498300,0.360375204
1662,498600,498600,0.353694359
1663,498900,498900,0.345368561
1664,499200,499200,0.33945547
1665,499500,499500,0.334303708
1666,499800,499800,0.317844516
1667,500100,500100,0.309943833
1668,500400,500400,0.303152747
1669,500700,500700,0.296883629
1670,501000,501000,0.279439154
1671,501300,501300,0.273642628
1672,501600,501600,0.265459652
1673,501900,501900,0.259621476
1674,502200,502200,0.25287126
1675,502500,502500,0.237209568
1676,502800,502800,0.230840855
1677,503100,503100,0.222123036
1678,503400,503400,0.217388631
1679,503700,503700,0.203133825
1680,504000,504000,0.193196266
1681,504300,504300,0.186915581
1682,504600,504600,0.179315937
1683,504900,504900,0.174286097
1684,505200,505200,0.157126671
1685,505500,505500,0.150800537
1686,505800,505800,0.142771117
1687,506100,506100,0.137851454
1688,506400,506400,0.128861512
1689,506700,506700,0.114173374
1690,507000,507000,0.107239682
1691,507300,507300,0.100787084
1692,507600,507600,0.094957152
1693,507900,507900,0.07930624
1694,508200,508200,0.071802666
1695,508500,508500,0.063028276
1696,508800,508800,0.057519918
1697,509100,509100,0.052412015
1698,509400,509400,0.049999936
1699,509700,509700,0.049998152
1700,510000,510000,0.049999988
1701,510300,510300,0.050000182
1702,510600,510600,0.049998398
1703,510900,510900,0.050000825
1704,511200,511200,0.049998451
1705,511500,511500,0.087505744
1706,511800,511800,0.12501234
1707,512100,512100,0.16251583
1708,512400,512400,0.200019321
1709,512700,512700,0.237526028
1710,513000,513000,0.27502961
1711,513300,513300,0.312537313
1712,513600,513600,0.35003995
1713,513900,513900,0.387546203
1714,514200,514200,0.425053521
1715,514500,514500,0.462557012
1716,514800,514800,0.500064713
1717,515100,515100,0.537568204
1718,515400,515400,0.575074926
1719,515700,515700,0.612579355
1720,516000,516000,0.650086206
1721,516300,516300,0.687589694
1722,516600,516600,0.725092586
1723,516900,516900,0.762599472
1724,517200,517200,0.800106068
1725,517500,517500,0.837609557
1726,517800,517800,0.875117259
1727,518100,518100,0.91262017
1728,518400,518400,0.95
1729,518700,518700,0.949294898
1730,519000,519000,0.948589797
1731,519300,519300,0.947884695
1732,519600,519600,0.947179594
1733,519900,519900,0.946474492
1734,520200,520200,0.945769391
1735,520500,520500,0.945064289
1736,520800,520800,0.944359188
1737,521100,521100,0.943654086
1738,521400,521400,0.942948985
1739,521700,521700,0.942243883
1740,522000,522000,0.941538782
1741,522300,522300,0.922766824
1742,522600,522600,0.91729918
1743,522900,522900,0.909309872
1744,523200,523200,0.90423046
1745,523500,523500,0.898087093
1746,523800,523800,0.881809093
1747,524100,524100,0.875417763
1748,524400,524400,0.866936133
1749,524700,524700,0.861656237
1750,525000,525000,0.845549998
1751,525300,525300,0.838090544
1752,525600,525600,0.829851051
1753,525900,525900,0.824278399
1754,526200,526200,0.817383939
1755,526500,526500,0.801654101
1756,526800,526800,0.795671214
1757,527100,527100,0.786536067
1758,527400,527400,0.780965269
1759,527700,527700,0.770289016
1760,528000,528000,0.758068581
1761,528300,528300,0.750345008
1762,528600,528600,0.743799267
1763,528900,528900,0.738706214
1764,529200,529200,0.72335044
1765,529500,529500,0.715732163
1766,529800,529800,0.70711127
1767,530100,530100,0.702073951
1768,530400,530400,0.695186454
1769,530700,530700,0.677135732
1770,531000,531000,0.671653165
1771,531300,531300,0.664270028
1772,531600,531600,0.659647089
1773,531900,531900,0.641577155
1774,532200,532200,0.634790171
1775,532500,532500,0.627280034
1776,532800,532800,0.621901837
1777,533100,533100,0.6161954
1778,533400,533400,0.5999174
1779,533700,533700,0.592345127
1780,534000,534000,0.58504444
1781,534300,534300,0.579641876
1782,534600,534600,0.563105981
1783,534900,534900,0.556116896
1784,535200,535200,0.547997583
1785,535500,535500,0.542331016
1786,535800,535800,0.535200863
1787,536100,536100,0.520239481
1788,536400,536400,0.513431357
1789,536700,536700,0.504285536
1790,537000,537000,0.498474836
1791,537300,537300,0.486510104
1792,537600,537600,0.475353406
1793,537900,537900,0.468327107
1794,538200,538200,0.461421204
1795,538500,538500,0.456448746
1796,538800,538800,0.439846705
1797,539100,539100,0.432814974
1798,539400,539400,0.425683321
1799,539700,539700,0.420125038
1800,540000,540000,0.413432077
1801,540300,540300,0.394886559
1802,540600,540600,0.389390898
1803,540900,540900,0.382646873
1804,541200,541200,0.377755396
1805,541500,541500,0.360375204
1806,541800,541800,0.353694359
1807,542100,542100,0.345368561
1808,542400,542400,0.33945547
1809,542700,542700,0.334303708
1810,543000,543000,0.317844516
1811,543300,543300,0.309943833
1812,543600,543600,0.303152747
1813,543900,543900,0.296883629
1814,544200,544200,0.279439154
1815,544500,544500,0.273642628
1816,544800,544800,0.265459652
1817,545100,545100,0.259621476
1818,545400,545400,0.25287126
1819,545700,545700,0.237209568
1820,546000,546000,0.230840855
1821,546300,546300,0.222123036
1822,546600,546600,0.217388631
1823,546900,546900,0.203133825
1824,547200,547200,0.193196266
1825,547500,547500,0.186915581
1826,547800,547800,0.179315937
1827,548100,548100,0.174286097
1828,548400,548400,0.157126671
1829,548700,548700,0.150800537
1830,549000,549000,0.142771117
1831,549300,549300,0.137851454
1832,549600,549600,0.128861512
1833,549900,549900,0.114173374
1834,550200,550200,0.107239682
1835,550500,550500,0.100787084
1836,550800,550800,0.094957152
1837,551100,551100,0.07930624
1838,551400,551400,0.071802666
1839,551700,551700,0.063028276
1840,552000,552000,0.057519918
1841,552300,552300,0.052412015
1842,552600,552600,0.049999936
1843,552900,552900,0.049998152
1844,553200,553200,0.049999988
1845,553500,553500,0.050000182
1846,553800,553800,0.049998398
1847,554100,554100,0.050000825
1848,554400,554400,0.049998451
1849,554700,554700,0.087505744
1850,555000,555000,0.12501234
1851,555300,555300,0.16251583
1852,555600,555600,0.200019321
1853,555900,555900,0.237526028
1854,556200,556200,0.27502961
1855,556500,556500,0.312537313
1856,556800,556800,0.35003995
1857,557100,557100,0.387546203
1858,557400,557400,0.425053521
1859,557700,557700,0.462557012
1860,558000,558000,0.500064713
1861,558300,558300,0.537568204
1862,558600,558600,0.575074926
1863,558900,558900,0.612579355
1864,559200,559200,0.650086206
1865,559500,559500,0.687589694
1866,559800,559800,0.725092586
1867,560100,560100,0.762599472
1868,560400,560400,0.800106068
1869,560700,560700,0.837609557
1870,561000,561000,0.875117259
1871,561300,561300,0.91262017
1872,561600,561600,0.95
1873,561900,561900,0.949294898
1874,562200,562200,0.948589797
1875,562500,562500,0.947884695
1876,562800,562800,0.947179594
1877,563100,563100,0.946474492
1878,563400,563400,0.945769391
1879,563700,563700,0.945064289
1880,564000,564000,0.944359188
1881,564300,564300,0.943654086
1882,564600,564600,0.942948985
1883,564900,564900,0.942243883
1884,565200,565200,0.941538782
1885,565500,565500,0.922766824
1886,565800,565800,0.91729918
1887,566100,566100,0.909309872
1888,566400,566400,0.90423046
1889,566700,566700,0.898087093
1890,567000,567000,0.881809093
1891,567300,567300,0.875417763
1892,567600,567600,0.866936133
1893,567900,567900,0.861656237
1894,568200,568200,0.845549998
1895,568500,568500,0.838090544
1896,568800,568800,0.829851051
1897,569100,569100,0.824278399
1898,569400,569400,0.817383939
1899,569700,569700,0.801654101
1900,570000,570000,0.795671214
1901,570300,570300,0.786536067
1902,570600,570600,0.780965269
1903,570900,570900,0.770289016
1904,571200,571200,0.758068581
1905,571500,571500,0.750345008
1906,571800,571800,0.743799267
1907,572100,572100,0.738706214
1908,572400,572400,0.72335044
1909,572700,572700,0.715732163
1910,573000,573000,0.70711127
1911,573300,573300,0.702073951
1912,573600,573600,0.695186454
1913,573900,573900,0.677135732
1914,574200,574200,0.671653165
1915,574500,574500,0.664270028
1916,574800,574800,0.659647089
1917,575100,575100,0.641577155
1918,575400,575400,0.634790171
1919,575700,575700,0.627280034
1920,576000,576000,0.621901837
1921,576300,576300,0.6161954
1922,576600,576600,0.5999174
1923,576900,576900,0.592345127
1924,577200,577200,0.58504444
1925,577500,577500,0.579641876
1926,577800,577800,0.563105981
1927,578100,578100,0.556116896
1928,578400,578400,0.547997583
1929,578700,578700,0.542331016
1930,579000,579000,0.535200863
1931,579300,579300,0.520239481
1932,579600,579600,0.513431357
1933,579900,579900,0.504285536
1934,580200,580200,0.498474836
1935,580500,580500,0.486510104
1936,580800,580800,0.475353406
1937,581100,581100,0.468327107
1938,581400,581400,0.461421204
1939,581700,581700,0.456448746
1940,582000,582000,0.439846705
1941,582300,582300,0.432814974
1942,582600,582600,0.425683321
1943,582900,582900,0.420125038
1944,583200,583200,0.413432077
1945,583500,583500,0.394886559
1946,583800,583800,0.389390898
1947,584100,584100,0.382646873
1948,584400,584400,0.377755396
1949,584700,584700,0.360375204
1950,585000,585000,0.353694359
1951,585300,585300,0.345368561
1952,585600,585600,0.33945547
1953,585900,585900,0.334303708
1954,586200,586200,0.317844516
1955,586500,586500,0.309943833
1956,586800,586800,0.303152747
1957,587100,587100,0.296883629
1958,587400,587400,0.279439154
1959,587700,587700,0.273642628
1960,588000,588000,0.265459652
1961,588300,588300,0.259621476
1962,588600,588600,0.25287126
1963,588900,588900,0.237209568
1964,589200,589200,0.230840855
1965,589500,589500,0.222123036
1966,589800,589800,0.217388631
1967,590100,590100,0.203133825
1968,590400,590400,0.193196266
1969,590700,590700,0.186915581
1970,591000,591000,0.179315937
1971,591300,591300,0.174286097
1972,591600,591600,0.157126671
1973,591900,591900,0.150800537
1974,592200,592200,0.142771117
1975,592500,592500,0.137851454
1976,592800,592800,0.128861512
1977,593100,593100,0.114173374
1978,593400,593400,0.107239682
1979,593700,593700,0.100787084
1980,594000,594000,0.094957152
1981,594300,594300,0.07930624
1982,594600,594600,0.071802666
1983,594900,594900,0.063028276
1984,595200,595200,0.057519918
1985,595500,595500,0.052412015
1986,595800,595800,0.049999936
1987,596100,596100,0.049998152
1988,596400,596400,0.049999988
1989,596700,596700,0.050000182
1990,597000,597000,0.049998398
1991,597300,597300,0.050000825
1992,597600,597600,0.049998451
1993,597900,597900,0.087505744
1994,598200,598200,0.12501234
1995,598500,598500,0.16251583
1996,598800,598800,0.200019321
1997,599100,599100,0.237526028
1998,599400,599400,0.27502961
1999,599700,599700,0.312537313
2000,600000,600000,0.35003995
2001,600300,600300,0.387546203
2002,600600,600600,0.425053521
2003,600900,600900,0.462557012
2004,601200,601200,0.500064713
2005,601500,601500,0.537568204
2006,601800,601800,0.575074926
2007,602100,602100,0.612579355
2008,602400,602400,0.650086206
2009,602700,602700,0.687589694
2010,603000,603000,0.725092586
2011,603300,603300,0.762599472
2012,603600,603600,0.800106068
2013,603900,603900,0.837609557
2014,604200,604200,0.875117259
2015,604500,604500,0.91262017
